Date (GMT),"EUR1MO, implied Vol","EUR1MVHF=R,",Open,High,Low,Last,Log ret(%),integrated vol
4/21/2014 2:00,5.525,5.0693,1.3808,1.381,1.3803,1.381,,
4/21/2014 5:00,5.563,5.0694,1.381,1.3817,1.3809,1.3815,0.036199095,0.001310374
4/21/2014 6:00,5.537,5.0713,1.3816,1.3819,1.3814,1.3817,0.01447597,0.000211271
4/21/2014 7:00,5.55,5.0715,1.3817,1.3824,1.3814,1.3824,0.050649399,0.002565406
4/21/2014 8:00,5.575,5.0746,1.3824,1.3827,1.3818,1.3823,-0.007234058,5.89E-05
4/21/2014 12:00,5.637,5.0782,1.3818,1.3819,1.3808,1.3811,-0.086849539,0.007542846
4/21/2014 17:00,5.688,5.1024,1.3789,1.3793,1.3786,1.3791,-0.14491706,0.021057849
4/21/2014 19:00,5.75,5.1026,1.3792,1.3796,1.3788,1.3796,0.036248958,0.00175742
4/21/2014 20:00,5.713,5.1038,1.3795,1.3796,1.3789,1.3792,-0.028998115,0.000843979
4/21/2014 21:00,5.675,5.1048,1.3793,1.3795,1.379,1.3791,-0.007250843,5.33E-05
4/21/2014 22:00,5.688,5.105,1.3792,1.3795,1.379,1.3794,0.021750952,0.000473107
4/21/2014 23:00,5.7,5.105,1.3793,1.3795,1.3787,1.3789,-0.036254215,0.001314592
4/22/2014 0:00,5.75,5.1056,1.3789,1.3794,1.3788,1.3791,0.014503263,0.000210345
4/22/2014 2:00,5.75,5.1057,1.379,1.3795,1.3788,1.3792,0.007250843,5.26E-05
4/22/2014 3:00,5.75,5.1059,1.3792,1.3796,1.3791,1.3795,0.021749375,0.000473038
4/22/2014 6:00,5.75,5.1066,1.3794,1.3796,1.3791,1.3796,0.007248741,5.28E-05
4/22/2014 7:00,5.775,5.1066,1.3795,1.3805,1.3783,1.3804,0.057971016,0.003360641
4/22/2014 8:00,5.775,5.1117,1.3805,1.3805,1.3793,1.3803,-0.007244539,6.38E-05
4/22/2014 9:00,5.725,5.1117,1.3802,1.381,1.3798,1.3806,0.021732044,0.000472286
4/22/2014 10:00,5.7,5.1127,1.3807,1.3809,1.3798,1.3805,-0.00724349,5.27E-05
4/22/2014 11:00,5.65,5.1131,1.3804,1.3821,1.3803,1.3815,0.072411299,0.005243399
4/22/2014 12:00,5.673,5.12,1.3816,1.382,1.381,1.3814,-0.007238771,7.99E-05
4/22/2014 13:00,5.625,5.1201,1.3813,1.3824,1.3811,1.3819,0.036188615,0.001309622
4/22/2014 14:00,5.577,5.1216,1.3818,1.382,1.3809,1.381,-0.06514894,0.004246099
4/22/2014 15:00,5.563,5.1272,1.381,1.3816,1.3788,1.3795,-0.108675975,0.011828497
4/22/2014 16:00,5.563,5.1412,1.3794,1.3804,1.3789,1.3802,0.050730153,0.002713462
4/22/2014 17:00,5.525,5.1447,1.3803,1.3805,1.3795,1.3799,-0.021738343,0.000479918
4/22/2014 18:00,5.55,5.1453,1.3799,1.3801,1.3794,1.38,0.007246639,5.27E-05
4/22/2014 19:00,5.525,5.1454,1.38,1.3806,1.3798,1.38,0,2.78E-09
4/22/2014 20:00,5.512,5.1424,1.3801,1.3806,1.38,1.3804,0.028981307,0.000839916
4/22/2014 22:00,5.537,5.1428,1.3804,1.3806,1.3802,1.3803,-0.007244539,5.32E-05
4/22/2014 23:00,5.5,5.1424,1.3803,1.3808,1.3803,1.3807,0.028975009,0.000839554
4/23/2014 0:00,5.575,5.1358,1.3807,1.3809,1.3804,1.3806,-0.007242965,5.25E-05
4/23/2014 2:00,5.6,5.1332,1.3803,1.381,1.3799,1.3807,0.007242965,5.25E-05
4/23/2014 6:00,5.588,5.1342,1.3815,1.3818,1.3813,1.3816,0.065163091,0.004246231
4/23/2014 7:00,5.55,5.1327,1.3817,1.3836,1.3815,1.3823,0.050653064,0.002583763
4/23/2014 8:00,5.55,5.1315,1.3823,1.3823,1.3799,1.382,-0.021705314,0.000477796
4/23/2014 9:00,5.55,5.1318,1.3819,1.3854,1.3819,1.3846,0.187956392,0.035327834
4/23/2014 10:00,5.525,5.1703,1.3847,1.385,1.3837,1.3838,-0.057795118,0.004588331
4/23/2014 11:00,5.525,5.1376,1.3837,1.3844,1.3834,1.3844,0.04334947,0.001900229
4/23/2014 12:00,5.512,5.1386,1.3845,1.3845,1.3832,1.3838,-0.04334947,0.001882787
4/23/2014 13:00,5.5,5.1314,1.3837,1.3841,1.3831,1.384,0.014451911,0.000212403
4/23/2014 14:00,5.5,5.124,1.3839,1.3841,1.3822,1.3829,-0.079511371,0.006322103
4/23/2014 15:00,5.475,5.1327,1.3828,1.3845,1.3817,1.3828,-0.007231442,9.23E-05
4/23/2014 16:00,5.45,5.1327,1.3828,1.3829,1.381,1.3813,-0.108534434,0.011779732
4/23/2014 17:00,5.475,5.1431,1.3812,1.3822,1.3812,1.3817,0.028954036,0.000977098
4/23/2014 19:00,5.438,4.6709,1.3813,1.3817,1.3812,1.3813,-0.028954036,0.000839291
4/23/2014 20:00,5.438,4.5965,1.3815,1.3818,1.3813,1.3814,0.007239295,5.31E-05
4/23/2014 21:00,5.425,4.5963,1.3816,1.3817,1.3813,1.3816,0.014477018,0.000209587
4/23/2014 22:00,5.412,4.5963,1.3816,1.382,1.3813,1.3815,-0.007238247,5.24E-05
4/23/2014 23:00,5.4,4.5963,1.3815,1.3819,1.3814,1.3817,0.01447597,0.000209556
4/24/2014 0:00,5.363,4.5969,1.3817,1.3822,1.3815,1.3816,-0.007237723,5.24E-05
4/24/2014 3:00,5.338,4.598,1.3821,1.3825,1.3817,1.3818,0.014474922,0.000209526
4/24/2014 4:00,5.275,4.5982,1.3818,1.3825,1.3816,1.3822,0.02894356,0.000837774
4/24/2014 6:00,5.225,4.5969,1.3821,1.3824,1.3819,1.3819,-0.021706885,0.000471891
4/24/2014 7:00,5.25,4.5965,1.382,1.3828,1.381,1.3826,0.05064207,0.002564842
4/24/2014 8:00,5.213,4.5969,1.3827,1.3832,1.382,1.3829,0.021695896,0.00047729
4/24/2014 9:00,5.125,4.598,1.383,1.3841,1.383,1.3831,0.014461316,0.000209357
4/24/2014 10:00,5.088,4.5963,1.383,1.3832,1.3814,1.3827,-0.028924724,0.000836683
4/24/2014 11:00,5.045,4.5762,1.3826,1.3828,1.3813,1.3818,-0.065111234,0.004240173
4/24/2014 12:00,5.025,4.5817,1.3819,1.3825,1.3816,1.3824,0.0434122,0.001902598
4/24/2014 13:00,5.025,4.5767,1.3824,1.3827,1.379,1.3791,-0.239000657,0.057124934
4/24/2014 14:00,5.025,4.635,1.3792,1.3821,1.379,1.3815,0.173875288,0.033495874
4/24/2014 15:00,5.025,4.6642,1.3814,1.3825,1.3805,1.3818,0.021713169,0.001593435
4/24/2014 16:00,5.015,4.6559,1.3817,1.3833,1.3816,1.3827,0.065111234,0.004242012
4/24/2014 17:00,4.988,4.6367,1.3825,1.383,1.3821,1.3822,-0.036167674,0.001326095
4/24/2014 19:00,4.94,4.5469,1.3824,1.3829,1.3821,1.3825,0.021702174,0.000472743
4/24/2014 20:00,4.955,4.5468,1.3824,1.3828,1.3823,1.3827,0.0144655,0.000209474
4/24/2014 22:00,5.025,4.548,1.383,1.3833,1.3824,1.383,0.021694327,0.000470688
4/24/2014 23:00,5.025,4.548,1.3831,1.3832,1.3828,1.3831,0.007230397,5.25E-05
4/25/2014 0:00,5.025,4.5481,1.3831,1.3834,1.3828,1.383,-0.007230397,5.23E-05
4/25/2014 1:00,5.025,4.546,1.383,1.3831,1.3826,1.3827,-0.021694327,0.000470647
4/25/2014 3:00,5.025,4.5478,1.3832,1.3837,1.383,1.3834,0.050612777,0.002561875
4/25/2014 4:00,5.012,4.548,1.3834,1.3835,1.383,1.3832,-0.01445818,0.000215602
4/25/2014 5:00,5.025,4.5476,1.3831,1.3834,1.3829,1.3833,0.007229351,5.23E-05
4/25/2014 6:00,5.05,4.5476,1.3833,1.3834,1.3828,1.3828,-0.036151983,0.001306969
4/25/2014 7:00,5.012,4.5479,1.3828,1.3833,1.3827,1.3831,0.021692758,0.000472284
4/25/2014 8:00,4.975,4.5473,1.3831,1.3836,1.3827,1.3833,0.014459225,0.000209292
4/25/2014 9:00,4.963,4.5448,1.3832,1.3841,1.3832,1.3836,0.021684918,0.000470279
4/25/2014 11:00,4.95,4.5202,1.3841,1.3848,1.3834,1.3835,-0.007227784,5.25E-05
4/25/2014 12:00,4.938,4.5231,1.3834,1.384,1.3828,1.3831,-0.02891636,0.000836159
4/25/2014 13:00,4.945,4.5169,1.383,1.3847,1.3828,1.384,0.065050055,0.004232209
4/25/2014 14:00,4.925,4.5228,1.3841,1.3846,1.3836,1.3844,0.028897558,0.00085298
4/25/2014 15:00,4.9,4.5236,1.3844,1.3846,1.3832,1.3836,-0.05780347,0.003341969
4/25/2014 16:00,4.925,4.527,1.3836,1.3842,1.3833,1.3837,0.007227261,6.34E-05
4/25/2014 17:00,4.95,4.5249,1.3838,1.3842,1.3831,1.3837,0,4.02E-09
4/25/2014 19:00,4.975,4.5248,1.3838,1.3842,1.3833,1.3836,-0.007227261,5.22E-05
4/25/2014 21:00,4.95,4.5232,1.3834,1.3836,1.3829,1.3831,-0.036144143,0.001306402
4/28/2014 1:00,5.175,4.2893,1.3839,1.3839,1.3813,1.3819,-0.086799282,0.007534115
4/28/2014 2:00,5.2,4.3146,1.3818,1.3824,1.3818,1.3822,0.021706885,0.000527952
4/28/2014 4:00,5.238,4.3155,1.3825,1.3825,1.3821,1.3824,0.014468639,0.00020962
4/28/2014 5:00,5.238,4.3156,1.3824,1.3825,1.3822,1.3823,-0.007234058,5.24E-05
4/28/2014 6:00,5.175,4.3156,1.3823,1.3825,1.3819,1.3822,-0.007234581,5.23E-05
4/28/2014 7:00,5.225,4.3156,1.3822,1.3837,1.3817,1.3836,0.101236541,0.01024884
4/28/2014 8:00,5.325,4.3301,1.3837,1.3875,1.3835,1.3864,0.202166134,0.040976184
4/28/2014 9:00,5.3,4.3871,1.3864,1.387,1.3861,1.3868,0.028847541,0.002511228
4/28/2014 10:00,5.325,4.3877,1.3868,1.3879,1.3864,1.3865,-0.021634876,0.000474374
4/28/2014 11:00,5.3,4.3886,1.3865,1.3872,1.3864,1.3867,0.01442377,0.00020827
4/28/2014 12:00,5.325,4.3888,1.3865,1.387,1.3859,1.386,-0.050492301,0.002549516
4/28/2014 13:00,5.3,4.3914,1.386,1.3872,1.3856,1.387,0.072124056,0.005208379
4/28/2014 14:00,5.3,4.3986,1.3869,1.3874,1.3858,1.386,-0.072124056,0.005229007
4/28/2014 15:00,5.3,4.4065,1.386,1.3867,1.3842,1.3843,-0.122730406,0.015090095
4/28/2014 16:00,5.325,4.426,1.3844,1.3847,1.3839,1.3843,0,0.000227711
4/28/2014 17:00,5.313,4.4261,1.3843,1.3853,1.3838,1.3846,0.021669255,0.000469608
4/28/2014 18:00,5.287,4.4267,1.3844,1.3852,1.3844,1.385,0.028885038,0.000834566
4/28/2014 19:00,5.275,4.4282,1.3849,1.3856,1.3848,1.3853,0.021658304,0.000469779
4/28/2014 20:00,5.313,4.4284,1.3853,1.3854,1.3845,1.3848,-0.03609978,0.001303415
4/28/2014 22:00,5.325,4.4293,1.3848,1.3854,1.3847,1.385,0.014441476,0.000210255
4/29/2014 0:00,5.325,4.4302,1.3851,1.3854,1.3849,1.3849,-0.007220477,5.21E-05
4/29/2014 2:00,5.412,4.4318,1.3855,1.3864,1.3853,1.3858,0.064965534,0.004220523
4/29/2014 3:00,5.438,4.4324,1.3858,1.3862,1.3857,1.386,0.014431056,0.000226068
4/29/2014 6:00,5.45,4.4329,1.386,1.3869,1.3858,1.3865,0.036068531,0.00130099
4/29/2014 7:00,5.425,4.4347,1.3865,1.3872,1.3862,1.3867,0.01442377,0.000209738
4/29/2014 8:00,5.375,4.4348,1.3865,1.3878,1.386,1.3868,0.007211105,5.20E-05
4/29/2014 9:00,5.35,4.4352,1.3868,1.3871,1.3853,1.3868,0,2.71E-09
4/29/2014 10:00,5.275,4.4355,1.3868,1.387,1.386,1.3862,-0.043274433,0.001872677
4/29/2014 11:00,5.2,4.4377,1.3863,1.3867,1.3856,1.3862,0,3.51E-06
4/29/2014 12:00,5.175,4.4379,1.3861,1.3864,1.3853,1.3857,-0.036076338,0.001301502
4/29/2014 13:00,5.25,4.4386,1.3856,1.3858,1.381,1.3828,-0.209499806,0.043891863
4/29/2014 14:00,5.275,4.4983,1.3827,1.383,1.3817,1.3822,-0.043399639,0.003810024
4/29/2014 15:00,5.225,4.5029,1.3819,1.3827,1.3813,1.3816,-0.043418482,0.001899681
4/29/2014 16:00,5.287,4.504,1.3816,1.382,1.3804,1.3807,-0.065163091,0.004249837
4/29/2014 17:00,5.3,4.5111,1.3805,1.3814,1.3804,1.381,0.021725749,0.000490069
4/29/2014 18:00,5.3,4.5122,1.3809,1.3813,1.3806,1.3809,-0.007241392,5.27E-05
4/29/2014 19:00,5.338,4.5124,1.3808,1.3812,1.3805,1.381,0.007241392,5.24E-05
4/29/2014 20:00,5.338,4.5106,1.3808,1.3813,1.3807,1.3809,-0.007241392,5.24E-05
4/29/2014 21:00,5.35,4.502,1.3808,1.3813,1.3806,1.3811,0.014482259,0.000209739
4/29/2014 22:00,5.325,4.5006,1.3811,1.3814,1.3807,1.3812,0.007240343,5.25E-05
4/29/2014 23:00,5.287,4.4949,1.3811,1.3812,1.3806,1.381,-0.014481211,0.000209708
4/30/2014 0:00,5.287,4.4938,1.3808,1.3814,1.3808,1.3812,0.014481211,0.000209705
4/30/2014 1:00,5.3,4.4934,1.3811,1.3815,1.3806,1.3809,-0.021722602,0.000471915
4/30/2014 3:00,5.35,4.4877,1.3806,1.3809,1.3802,1.3804,-0.036214827,0.001311736
4/30/2014 4:00,5.35,4.4859,1.3806,1.3808,1.3803,1.3805,0.007244015,5.42E-05
4/30/2014 5:00,5.35,4.4859,1.3804,1.381,1.3803,1.3806,0.00724349,5.25E-05
4/30/2014 6:00,5.287,4.4857,1.3806,1.3807,1.3799,1.3802,-0.028977108,0.000839676
4/30/2014 7:00,5.35,4.486,1.3802,1.3812,1.3796,1.3807,0.036220074,0.001312599
4/30/2014 8:00,5.4,4.4888,1.3807,1.3812,1.38,1.3808,0.007242441,5.42E-05
4/30/2014 9:00,5.425,4.485,1.3806,1.3809,1.3786,1.3794,-0.101441933,0.010290469
4/30/2014 11:00,5.287,4.4581,1.3821,1.3836,1.382,1.3829,0.253412147,0.06432361
4/30/2014 12:00,5.275,4.45,1.3827,1.3857,1.3826,1.3848,0.137298139,0.022988306
4/30/2014 13:00,5.2,4.4744,1.3848,1.387,1.3843,1.3859,0.079402321,0.006833191
4/30/2014 14:00,5.2,4.4812,1.386,1.387,1.3852,1.3854,-0.036084149,0.001348758
4/30/2014 15:00,5.175,4.4781,1.3855,1.3868,1.3854,1.3865,0.079367947,0.00630109
4/30/2014 16:00,5.175,4.474,1.3862,1.3876,1.386,1.3868,0.021634876,0.000507772
4/30/2014 17:00,5.175,4.4722,1.3868,1.387,1.3864,1.3866,-0.01442273,0.000208273
4/30/2014 19:00,4.975,4.4716,1.3862,1.3875,1.3855,1.3871,0.036052926,0.001299857
4/30/2014 20:00,4.963,4.4703,1.387,1.3873,1.3866,1.3872,0.007209026,5.37E-05
4/30/2014 21:00,4.963,4.4703,1.3872,1.3873,1.386,1.3866,-0.043261952,0.001871599
4/30/2014 22:00,4.988,4.4669,1.3865,1.3869,1.386,1.3865,-0.007212145,5.55E-05
5/1/2014 0:00,4.975,4.4656,1.3868,1.3874,1.3865,1.3867,0.01442377,0.000208045
5/1/2014 2:00,4.988,4.4657,1.3868,1.3872,1.3866,1.3869,0.01442169,0.000208028
5/1/2014 7:00,4.963,4.4646,1.3867,1.3887,1.3867,1.3886,0.122500466,0.015006407
5/1/2014 8:00,4.975,4.4824,1.3886,1.3889,1.3883,1.3885,-0.007201757,0.000277058
5/1/2014 9:00,4.91,4.4538,1.3885,1.3887,1.3882,1.3885,0,7.68E-08
5/1/2014 10:00,4.85,4.4538,1.3886,1.3887,1.3876,1.388,-0.036016568,0.001297193
5/1/2014 11:00,4.875,4.4555,1.3881,1.3881,1.3874,1.3875,-0.036029545,0.001299811
5/1/2014 12:00,4.85,4.4569,1.3875,1.3878,1.3868,1.3873,-0.014415453,0.000209495
5/1/2014 13:00,4.85,4.4564,1.3872,1.3881,1.387,1.3873,0,4.39E-08
5/1/2014 15:00,4.875,4.452,1.387,1.3877,1.3863,1.3866,-0.050470458,0.002547267
5/1/2014 16:00,4.875,4.4499,1.3865,1.3867,1.3861,1.3866,0,6.49E-06
5/1/2014 17:00,4.875,4.4414,1.3864,1.3867,1.3863,1.3867,0.007211625,5.20E-05
5/1/2014 19:00,4.9,4.4371,1.387,1.3873,1.3862,1.3864,-0.021636436,0.000468138
5/1/2014 20:00,4.938,4.4397,1.3864,1.3865,1.3861,1.3864,0,2.19E-07
5/1/2014 22:00,4.925,4.4403,1.3868,1.387,1.3863,1.3867,0.021636436,0.000468135
5/1/2014 23:00,4.9,4.4411,1.3864,1.3871,1.3864,1.3869,0.01442169,0.000208204
5/2/2014 0:00,4.938,4.4412,1.3868,1.387,1.3865,1.3867,-0.01442169,0.000207985
5/2/2014 2:00,4.95,4.4437,1.3862,1.3863,1.3858,1.3859,-0.057707569,0.003330207
5/2/2014 3:00,4.938,4.4406,1.3859,1.386,1.3855,1.386,0.007215268,6.32E-05
5/2/2014 4:00,4.95,4.4405,1.3858,1.3861,1.3857,1.386,0,3.99E-09
5/2/2014 5:00,4.963,4.4403,1.386,1.3863,1.3859,1.3862,0.014428973,0.000208195
5/2/2014 6:00,4.963,4.4392,1.3862,1.3863,1.3854,1.3859,-0.021644241,0.000468517
5/2/2014 7:00,4.95,4.44,1.3859,1.3861,1.3855,1.3857,-0.014432097,0.000208505
5/2/2014 8:00,4.963,4.4393,1.3855,1.3859,1.385,1.3853,-0.028870444,0.000833546
5/2/2014 9:00,5.025,4.4337,1.3853,1.3864,1.3851,1.3861,0.057732556,0.003333743
5/2/2014 10:00,5.05,4.4312,1.3862,1.3863,1.3855,1.3856,-0.036078941,0.001312804
5/2/2014 11:00,5.037,4.4329,1.3857,1.3864,1.3855,1.386,0.028864194,0.000834865
5/2/2014 13:00,4.8,4.4323,1.3867,1.3867,1.3813,1.3828,-0.23114717,0.053429711
5/2/2014 14:00,4.825,4.5346,1.3828,1.3829,1.381,1.382,-0.057870372,0.006203714
5/2/2014 15:00,4.85,4.5361,1.382,1.3871,1.3817,1.3864,0.317873407,0.101081989
5/2/2014 16:00,4.887,4.6559,1.3863,1.3872,1.3857,1.3863,-0.007213186,0.010269599
5/2/2014 17:00,4.875,4.652,1.3863,1.3866,1.3859,1.3863,0,0.000105465
5/2/2014 19:00,4.85,4.6624,1.3877,1.3881,1.3869,1.3869,0.043271312,0.001872418
5/2/2014 20:00,4.85,4.6653,1.3871,1.3875,1.3867,1.3871,0.014419611,0.000211431
5/5/2014 2:00,5.25,4.4562,1.3863,1.387,1.3863,1.3868,-0.021630196,0.000467865
5/5/2014 3:00,5.213,4.4576,1.387,1.3876,1.3868,1.3874,0.043255714,0.001871276
5/5/2014 4:00,5.2,4.4594,1.3874,1.3876,1.3872,1.3874,0,3.50E-06
5/5/2014 5:00,5.2,4.4594,1.3874,1.3877,1.3873,1.3875,0.007207467,5.19E-05
5/5/2014 7:00,5.15,4.4603,1.3869,1.3882,1.3869,1.3878,0.021619284,0.000467396
5/5/2014 8:00,5.162,4.4618,1.3878,1.3878,1.3868,1.3872,-0.043243244,0.001870197
5/5/2014 9:00,5.137,4.4629,1.3872,1.3878,1.3868,1.3877,0.036037335,0.001302187
5/5/2014 10:00,5.075,4.4647,1.3877,1.3878,1.3869,1.3869,-0.057665971,0.00332706
5/5/2014 11:00,5.075,4.4681,1.3871,1.3873,1.3869,1.3871,0.014419611,0.000218995
5/5/2014 12:00,5.05,4.4683,1.3871,1.3876,1.387,1.3876,0.036039933,0.001298925
5/5/2014 13:00,5,4.4689,1.3876,1.3884,1.3871,1.3881,0.036026949,0.001299628
5/5/2014 14:00,5.037,4.4729,1.3881,1.3886,1.3873,1.3876,-0.036026949,0.00129963
5/5/2014 15:00,5.012,4.4764,1.3875,1.3882,1.3872,1.3878,0.014412337,0.000209404
5/5/2014 17:00,5.012,4.4788,1.3882,1.3884,1.3875,1.3876,-0.014412337,0.000207759
5/5/2014 18:00,5.037,4.4827,1.3875,1.3879,1.3874,1.3877,0.007206428,5.20E-05
5/5/2014 19:00,5.025,4.4832,1.3877,1.3878,1.3873,1.3876,-0.007206428,5.19E-05
5/5/2014 20:00,5.025,4.4833,1.3877,1.3878,1.3872,1.3874,-0.014414414,0.000207778
5/5/2014 22:00,5.125,4.4841,1.3874,1.3878,1.3868,1.3874,0,4.32E-08
5/5/2014 23:00,5.05,4.4841,1.3873,1.3875,1.3872,1.3874,0,1.86E-15
5/6/2014 0:00,5,4.4842,1.3875,1.3876,1.3872,1.3874,0,0
5/6/2014 5:00,4.975,4.4854,1.3878,1.3884,1.3878,1.3883,0.064848509,0.004205329
5/6/2014 6:00,5.075,4.4862,1.3882,1.3883,1.3877,1.388,-0.021611497,0.000484742
5/6/2014 7:00,5.063,4.4867,1.3879,1.3886,1.3874,1.3881,0.007204351,5.21E-05
5/6/2014 8:00,5.125,4.4881,1.3884,1.393,1.3882,1.392,0.280565631,0.078717076
5/6/2014 9:00,5.15,4.5806,1.392,1.3927,1.3911,1.3924,0.028731504,0.007021877
5/6/2014 10:00,5.137,4.581,1.3923,1.3929,1.3921,1.3924,0,4.93E-05
5/6/2014 11:00,5.113,4.5811,1.3924,1.3938,1.3922,1.3935,0.078969098,0.006236121
5/6/2014 12:00,5.15,4.5886,1.3935,1.3944,1.3931,1.3937,0.01435132,0.00024485
5/6/2014 13:00,5.2,4.5887,1.3937,1.3951,1.3936,1.3943,0.043041608,0.00185264
5/6/2014 14:00,5.188,4.5908,1.3943,1.3943,1.3928,1.3932,-0.078923771,0.006232394
5/6/2014 15:00,5.15,4.5991,1.3932,1.3936,1.3924,1.3932,0,3.88E-05
5/6/2014 16:00,5.113,4.5991,1.3931,1.3933,1.392,1.3924,-0.057438255,0.003299155
5/6/2014 18:00,5.1,4.6041,1.3925,1.3934,1.3923,1.3929,0.035902776,0.001299894
5/6/2014 20:00,5.063,4.6071,1.3934,1.3934,1.3925,1.393,0.007179009,5.32E-05
5/6/2014 22:00,5.15,4.6044,1.3927,1.3931,1.3922,1.3924,-0.043081784,0.001856043
5/6/2014 23:00,5.113,4.6032,1.3925,1.3932,1.3922,1.3924,0,3.44E-06
5/7/2014 0:00,5.1,4.6024,1.3923,1.393,1.3923,1.3928,0.028723252,0.000825025
5/7/2014 1:00,5.1,4.6012,1.3928,1.3935,1.3926,1.3933,0.035892467,0.00128895
5/7/2014 2:00,5.1,4.6014,1.3931,1.3934,1.3926,1.3928,-0.035892467,0.001289931
5/7/2014 3:00,5.075,4.6026,1.3926,1.3929,1.3923,1.3926,-0.014360595,0.000207891
5/7/2014 4:00,5.1,4.6017,1.3926,1.3928,1.3924,1.3924,-0.014362657,0.000206329
5/7/2014 6:00,5.063,4.6016,1.3923,1.3926,1.3916,1.3917,-0.050285551,0.002528679
5/7/2014 7:00,5.125,4.602,1.3918,1.3923,1.3914,1.392,0.021554047,0.000470971
5/7/2014 8:00,5.15,4.5999,1.3918,1.3932,1.3918,1.3929,0.06463428,0.004177812
5/7/2014 9:00,5.15,4.6056,1.3929,1.3931,1.3912,1.3913,-0.114934285,0.013227344
5/7/2014 10:00,5.175,4.6228,1.3912,1.3923,1.391,1.3921,0.057483655,0.003479333
5/7/2014 11:00,5.225,4.6232,1.392,1.3932,1.3919,1.393,0.064629639,0.004189096
5/7/2014 12:00,5.325,4.6256,1.393,1.3932,1.3923,1.3926,-0.028719127,0.000842337
5/7/2014 13:00,5.325,4.6253,1.3925,1.3938,1.3922,1.3929,0.021540119,0.000464686
5/7/2014 14:00,5.325,4.6255,1.3929,1.3935,1.3924,1.3927,-0.014359563,0.000206413
5/7/2014 15:00,5.325,4.6156,1.3927,1.3938,1.3912,1.3921,-0.043091066,0.001856883
5/7/2014 16:00,5.262,4.6177,1.3923,1.3923,1.3912,1.3916,-0.035923412,0.00129394
5/7/2014 17:00,5.275,4.6186,1.3915,1.3921,1.3913,1.3918,0.014370913,0.000208197
5/7/2014 19:00,5.275,4.6172,1.3915,1.3919,1.3913,1.3914,-0.028743892,0.000826255
5/7/2014 22:00,5.325,4.6153,1.391,1.3916,1.3908,1.3911,-0.021563342,0.00046566
5/7/2014 23:00,5.325,4.6156,1.3909,1.3912,1.3907,1.3911,0,2.17E-07
5/8/2014 0:00,5.287,4.6155,1.3911,1.3912,1.3908,1.391,-0.007188814,5.17E-05
5/8/2014 2:00,5.325,4.6151,1.3908,1.3912,1.3906,1.3907,-0.021569544,0.000465248
5/8/2014 3:00,5.275,4.6151,1.3908,1.3917,1.3906,1.3916,0.064694679,0.004185618
5/8/2014 4:00,5.262,4.62,1.3915,1.3918,1.3914,1.3916,0,1.75E-05
5/8/2014 6:00,5.325,4.6199,1.3914,1.3918,1.3912,1.3916,0,3.07E-10
5/8/2014 7:00,5.325,4.6194,1.3914,1.3923,1.3908,1.3923,0.050289164,0.002529
5/8/2014 8:00,5.345,4.6224,1.3921,1.3928,1.3919,1.3926,0.021544759,0.000470572
5/8/2014 9:00,5.325,4.5978,1.3923,1.3939,1.3923,1.3935,0.064606441,0.004174214
5/8/2014 10:00,5.325,4.6028,1.3936,1.3946,1.3933,1.3944,0.064564728,0.004186028
5/8/2014 11:00,5.325,4.6061,1.3943,1.3949,1.3938,1.3944,0,1.75E-05
5/8/2014 12:00,5.275,4.6053,1.3945,1.3959,1.393,1.3944,0,3.07E-10
5/8/2014 13:00,5.225,4.5955,1.3947,1.3992,1.3895,1.3909,-0.251319559,0.063161521
5/8/2014 14:00,5.2,4.6656,1.3907,1.3911,1.3869,1.387,-0.28078783,0.082831183
5/8/2014 15:00,5.262,4.7698,1.387,1.3872,1.3848,1.3862,-0.057695083,0.010189728
5/8/2014 16:00,5.188,4.7714,1.3863,1.3866,1.3855,1.3864,0.014426892,0.000311966
5/8/2014 17:00,5.225,4.7666,1.3862,1.3871,1.3859,1.3861,-0.021641118,0.000468435
5/8/2014 20:00,5.225,4.7728,1.3851,1.3855,1.3845,1.3848,-0.093832336,0.008804727
5/8/2014 22:00,5.25,4.7776,1.3838,1.384,1.3832,1.3839,-0.065012463,0.004304144
5/8/2014 23:00,5.25,4.7765,1.3839,1.3842,1.3837,1.3838,-0.007226217,7.07E-05
5/9/2014 0:00,5.225,4.7765,1.3839,1.3844,1.3837,1.3842,0.028901734,0.00083531
5/9/2014 1:00,5.175,4.7782,1.3841,1.3843,1.3832,1.3835,-0.050583518,0.00255939
5/9/2014 2:00,5.225,4.7799,1.3835,1.3837,1.383,1.3837,0.014455045,0.000215499
5/9/2014 4:00,5.275,4.7799,1.3835,1.3839,1.3833,1.3836,-0.007227261,5.23E-05
5/9/2014 5:00,5.225,4.7797,1.3838,1.3841,1.3836,1.3836,0,2.73E-09
5/9/2014 7:00,5.225,4.7817,1.3843,1.3843,1.3822,1.3825,-0.079534367,0.006325716
5/9/2014 8:00,5.325,4.8026,1.3825,1.3836,1.3824,1.3834,0.065078277,0.004275197
5/9/2014 9:00,5.325,4.7943,1.3834,1.3836,1.3812,1.3815,-0.13743718,0.018907256
5/9/2014 10:00,5.375,4.8101,1.3814,1.3817,1.3802,1.3815,0,0.000357484
5/9/2014 11:00,5.375,4.8097,1.3816,1.3817,1.3797,1.3799,-0.115883261,0.013429058
5/9/2014 12:00,5.475,4.8205,1.3798,1.3801,1.3779,1.3782,-0.123273283,0.015376642
5/9/2014 13:00,5.575,4.8341,1.3782,1.3791,1.3767,1.3785,0.021765154,0.000710163
5/9/2014 14:00,5.525,4.8311,1.3784,1.3794,1.3781,1.3785,0,5.04E-07
5/9/2014 15:00,5.555,4.8216,1.3787,1.3787,1.3753,1.3754,-0.225135358,0.050685929
5/9/2014 16:00,5.525,4.8714,1.3755,1.377,1.3754,1.3761,0.050881339,0.005157974
5/9/2014 17:00,5.5,4.8709,1.3762,1.3768,1.3756,1.3756,-0.036341171,0.001347285
5/9/2014 18:00,5.537,4.8681,1.3758,1.3759,1.3751,1.3752,-0.029082449,0.000847604
5/9/2014 20:00,5.525,4.7242,1.3744,1.3756,1.3743,1.3755,0.02181263,0.000476509
5/9/2014 21:00,5.525,4.7314,1.3754,1.3762,1.3752,1.3757,0.01453911,0.000211613
5/12/2014 1:00,5.75,4.578,1.376,1.3761,1.3749,1.3749,-0.058169128,0.003383647
5/12/2014 2:00,5.738,4.5837,1.3751,1.3755,1.3747,1.3754,0.03635967,0.001333475
5/12/2014 6:00,5.675,4.5868,1.3762,1.3765,1.376,1.3764,0.072679704,0.005284118
5/12/2014 7:00,5.725,4.5868,1.3764,1.3774,1.3759,1.377,0.043582481,0.001927355
5/12/2014 8:00,5.625,4.5898,1.377,1.3774,1.3763,1.3769,-0.007262428,5.65E-05
5/12/2014 9:00,5.55,4.5898,1.377,1.3774,1.3759,1.3767,-0.014526438,0.000211021
5/12/2014 10:00,5.6,4.5904,1.3766,1.377,1.3759,1.3766,-0.00726401,5.28E-05
5/12/2014 11:00,5.55,4.5904,1.3766,1.3769,1.3752,1.3758,-0.058131087,0.003379226
5/12/2014 13:00,5.475,4.603,1.3766,1.3772,1.3762,1.3769,0.079921536,0.006398871
5/12/2014 14:00,5.475,4.6039,1.3769,1.3772,1.3762,1.3764,-0.036320053,0.001360092
5/12/2014 15:00,5.463,4.6047,1.3765,1.3769,1.3753,1.3754,-0.072679704,0.005284189
5/12/2014 16:00,5.425,4.614,1.3754,1.376,1.3752,1.3759,0.036346455,0.001348987
5/12/2014 18:00,5.463,4.6157,1.3757,1.3758,1.3752,1.3758,-0.007268234,5.46E-05
5/12/2014 21:00,5.475,4.6173,1.3758,1.3759,1.3754,1.3756,-0.014538053,0.000211358
5/12/2014 22:00,5.55,4.6174,1.3755,1.376,1.3754,1.3757,0.007269291,5.29E-05
5/12/2014 23:00,5.5,4.6175,1.3756,1.3759,1.3753,1.3755,-0.01453911,0.000211389
5/13/2014 0:00,5.55,4.6179,1.3754,1.3757,1.3753,1.3755,0,0
5/13/2014 2:00,5.475,4.6235,1.3762,1.3764,1.3757,1.376,0.036343813,0.001320873
5/13/2014 3:00,5.438,4.6244,1.3759,1.376,1.3752,1.3755,-0.036343813,0.001322617
5/13/2014 4:00,5.45,4.6269,1.3754,1.3757,1.3752,1.3754,-0.007270348,5.46E-05
5/13/2014 5:00,5.475,4.6273,1.3756,1.3759,1.3754,1.3758,0.029078221,0.000845546
5/13/2014 6:00,5.45,4.6275,1.3758,1.376,1.3756,1.376,0.01453594,0.000212008
5/13/2014 7:00,5.45,4.6278,1.3759,1.3766,1.3756,1.3758,-0.01453594,0.000211338
5/13/2014 8:00,5.363,4.6278,1.3761,1.3771,1.3755,1.3768,0.072658581,0.005279314
5/13/2014 9:00,5.375,4.634,1.3768,1.3771,1.3761,1.3762,-0.043588813,0.001927856
5/13/2014 10:00,5.387,4.6365,1.3764,1.3764,1.3739,1.3748,-0.101781179,0.010363125
5/13/2014 11:00,5.525,4.6542,1.3748,1.3753,1.3705,1.3712,-0.262199713,0.068856084
5/13/2014 12:00,5.625,4.736,1.3713,1.3716,1.3698,1.3709,-0.02188104,0.00521994
5/13/2014 14:00,5.575,4.7538,1.3723,1.373,1.3715,1.3724,0.109357354,0.011986279
5/13/2014 15:00,5.537,4.7538,1.3724,1.3727,1.3702,1.3705,-0.138539524,0.019336871
5/13/2014 16:00,5.575,4.7746,1.3705,1.3714,1.3698,1.3709,0.02918217,0.001225514
5/13/2014 17:00,5.662,4.7754,1.371,1.371,1.3694,1.3698,-0.080271468,0.00644501
5/13/2014 18:00,5.7,4.7844,1.3699,1.3703,1.3688,1.3698,0,4.15E-05
5/13/2014 20:00,5.775,4.7845,1.3698,1.3702,1.3696,1.37,0.014599606,0.00021315
5/13/2014 21:00,5.738,4.6492,1.37,1.3703,1.3697,1.3702,0.014597475,0.000213132
5/13/2014 22:00,5.762,4.6481,1.3703,1.3705,1.3699,1.3702,0,4.54E-08
5/14/2014 1:00,5.875,4.6062,1.3706,1.3707,1.3696,1.3703,0.007297938,5.33E-05
5/14/2014 2:00,5.9,4.6076,1.3702,1.3708,1.3699,1.3707,0.029186429,0.00085185
5/14/2014 3:00,5.925,4.6077,1.3707,1.3712,1.3704,1.3711,0.029177913,0.000852076
5/14/2014 5:00,5.725,4.6105,1.3717,1.3721,1.3713,1.3716,0.036460423,0.001330088
5/14/2014 6:00,5.675,4.6099,1.3716,1.3721,1.3713,1.3715,-0.007291021,5.49E-05
5/14/2014 7:00,5.675,4.6089,1.3714,1.3723,1.371,1.3718,0.021871469,0.000478364
5/14/2014 8:00,5.662,4.5998,1.3719,1.3731,1.3713,1.3715,-0.021871469,0.00047859
5/14/2014 9:00,5.637,4.591,1.3716,1.3725,1.3702,1.3721,0.043738155,0.001913255
5/14/2014 10:00,5.613,4.5254,1.3724,1.3726,1.3707,1.3714,-0.051029708,0.002607692
5/14/2014 11:00,5.6,4.5322,1.3714,1.3724,1.3704,1.3705,-0.065647911,0.004316448
5/14/2014 12:00,5.625,4.531,1.3705,1.3723,1.3704,1.3717,0.087520974,0.007678553
5/14/2014 13:00,5.588,4.5385,1.3715,1.3723,1.3707,1.3711,-0.043750912,0.001973102
5/14/2014 14:00,5.625,4.5298,1.3711,1.3714,1.3702,1.3709,-0.014587892,0.0002167
5/14/2014 16:00,5.65,4.5198,1.371,1.372,1.3706,1.3717,0.058338804,0.003403463
5/14/2014 17:00,5.588,4.5182,1.3717,1.3718,1.3706,1.3707,-0.072928825,0.005330197
5/14/2014 18:00,5.625,4.5237,1.3707,1.371,1.3702,1.3704,-0.021889023,0.00050754
5/14/2014 19:00,5.675,4.5243,1.3704,1.3709,1.3701,1.3706,0.014593214,0.000213219
5/14/2014 20:00,5.7,4.5238,1.3706,1.3713,1.3703,1.3712,0.043766869,0.001915584
5/14/2014 22:00,5.675,4.5256,1.3714,1.3716,1.371,1.3714,0.014584701,0.000216383
5/14/2014 23:00,5.662,4.5255,1.3713,1.3716,1.3711,1.3716,0.014582574,0.000212698
5/15/2014 0:00,5.588,4.5254,1.3715,1.3718,1.3712,1.3716,0,0
5/15/2014 2:00,5.54,4.5256,1.3717,1.3722,1.3716,1.3718,0.014580448,0.000212589
5/15/2014 3:00,5.563,4.5257,1.3717,1.3723,1.3717,1.3719,0.007289427,5.32E-05
5/15/2014 5:00,5.55,4.5255,1.372,1.3721,1.3712,1.3714,-0.036452448,0.001328784
5/15/2014 6:00,5.55,4.5274,1.3713,1.3716,1.371,1.3714,0,1.77E-06
5/15/2014 7:00,5.563,4.5274,1.3715,1.372,1.3706,1.3715,0.007291553,5.32E-05
5/15/2014 8:00,5.71,4.527,1.3714,1.3717,1.3662,1.3673,-0.306703906,0.094067289
5/15/2014 9:00,5.825,4.6351,1.3672,1.3676,1.3658,1.367,-0.021943459,0.00933017
5/15/2014 10:00,5.813,4.6335,1.3668,1.3679,1.3653,1.3654,-0.117113174,0.013802548
5/15/2014 11:00,5.875,4.6399,1.3652,1.3665,1.3649,1.3656,0.01464665,0.000405035
5/15/2014 12:00,5.875,4.6358,1.3657,1.3665,1.3652,1.3661,0.036607241,0.001340254
5/15/2014 13:00,5.912,4.6368,1.3661,1.3671,1.3647,1.3657,-0.029284721,0.000859391
5/15/2014 14:00,5.875,4.6366,1.3656,1.3675,1.3654,1.3671,0.102459025,0.01049859
5/15/2014 15:00,5.825,4.6494,1.367,1.3718,1.3669,1.3716,0.328623365,0.108103536
5/15/2014 16:00,5.875,4.7516,1.3716,1.3732,1.3706,1.3711,-0.036460423,0.013015737
5/15/2014 17:00,5.925,4.7295,1.3712,1.3714,1.3704,1.3705,-0.043770062,0.002085228
5/15/2014 22:00,5.975,4.7222,1.3709,1.3711,1.3705,1.3709,0.02918217,0.000855947
5/16/2014 0:00,5.975,4.7227,1.3712,1.3717,1.3711,1.3714,0.036465741,0.00132975
5/16/2014 2:00,5.955,4.722,1.3712,1.3719,1.371,1.3716,0.014582574,0.00021442
5/16/2014 3:00,5.988,4.7229,1.3716,1.3719,1.3713,1.3716,0,4.60E-08
5/16/2014 6:00,5.85,4.7224,1.3713,1.3716,1.3706,1.3713,-0.021874658,0.000478501
5/16/2014 7:00,5.85,4.7135,1.3713,1.3718,1.3709,1.3712,-0.007292616,5.34E-05
5/16/2014 8:00,5.825,4.7076,1.3712,1.3727,1.371,1.3719,0.051037149,0.002604793
5/16/2014 9:00,5.775,4.6668,1.3718,1.3725,1.3713,1.3719,0,6.78E-06
5/16/2014 10:00,5.713,4.6662,1.3718,1.3719,1.3709,1.371,-0.065623977,0.004306506
5/16/2014 11:00,5.813,4.6634,1.371,1.3712,1.3684,1.3692,-0.131377291,0.017278539
5/16/2014 12:00,5.825,4.6884,1.3692,1.3707,1.369,1.3698,0.043811611,0.002218005
5/16/2014 13:00,5.787,4.6911,1.3699,1.3705,1.3685,1.3705,0.051089298,0.002615036
5/16/2014 14:00,5.775,4.6928,1.3704,1.3718,1.37,1.3712,0.05106321,0.00261429
5/16/2014 15:00,5.675,4.689,1.3713,1.3715,1.3697,1.3702,-0.072955427,0.005329329
5/16/2014 16:00,5.675,4.6755,1.3702,1.3709,1.3698,1.3707,0.036484367,0.001359511
5/16/2014 17:00,5.637,4.662,1.3707,1.3708,1.3698,1.3701,-0.043782838,0.001918785
5/16/2014 18:00,5.625,4.6573,1.3701,1.3705,1.3693,1.3696,-0.036500347,0.001335957
5/16/2014 19:00,5.625,4.6569,1.3696,1.37,1.3693,1.3697,0.007301135,5.51E-05
5/16/2014 20:00,5.613,4.6558,1.3697,1.37,1.3694,1.3697,0,3.04E-09
5/16/2014 21:00,5.625,4.6548,1.3699,1.3699,1.3691,1.3692,-0.036511008,0.001333054
5/19/2014 3:00,5.95,4.58,1.3702,1.3708,1.37,1.3707,0.109493058,0.01198873
5/19/2014 6:00,5.9,4.5835,1.3702,1.3709,1.3701,1.3708,0.007295276,0.000196951
5/19/2014 7:00,5.813,4.5865,1.3707,1.3718,1.3706,1.3709,0.007294744,5.33E-05
5/19/2014 8:00,5.813,4.5865,1.3708,1.3723,1.3708,1.3717,0.058338804,0.003403419
5/19/2014 9:00,5.775,4.5905,1.3717,1.3722,1.3703,1.3708,-0.065633548,0.004319346
5/19/2014 10:00,5.775,4.5962,1.3708,1.372,1.3704,1.3719,0.080212933,0.006452771
5/19/2014 11:00,5.775,4.6063,1.3718,1.3721,1.3712,1.3714,-0.036452448,0.001370419
5/19/2014 12:00,5.738,4.6081,1.3713,1.372,1.3711,1.3716,0.014582574,0.00021453
5/19/2014 13:00,5.738,4.6087,1.3717,1.3725,1.3711,1.3722,0.043734967,0.001912793
5/19/2014 14:00,5.725,4.6108,1.372,1.3728,1.3716,1.3719,-0.021865092,0.000481741
5/19/2014 15:00,5.7,4.6117,1.3718,1.3734,1.3701,1.3717,-0.014579385,0.000212791
5/19/2014 16:00,5.675,4.612,1.3719,1.3721,1.3713,1.3716,-0.00729049,5.32E-05
5/19/2014 17:00,5.675,4.6123,1.3717,1.3717,1.3707,1.3709,-0.051048315,0.002605933
5/19/2014 18:00,5.662,4.6157,1.3709,1.3714,1.3707,1.371,0.007294212,6.00E-05
5/19/2014 19:00,5.65,4.6161,1.3711,1.3717,1.3708,1.3711,0.00729368,5.32E-05
5/19/2014 21:00,5.675,4.6174,1.371,1.371,1.3705,1.3707,-0.029177913,0.000851353
5/19/2014 22:00,5.75,4.6175,1.3707,1.3711,1.3704,1.3707,0,7.25E-07
5/19/2014 23:00,5.725,4.6178,1.3707,1.371,1.3705,1.3708,0.007295276,5.32E-05
5/20/2014 0:00,5.7,4.6178,1.3709,1.3713,1.3706,1.3712,0.029175784,0.000851226
5/20/2014 2:00,5.725,4.6191,1.3708,1.3712,1.3707,1.371,-0.014586828,0.0002135
5/20/2014 3:00,5.725,4.6203,1.3706,1.3713,1.3706,1.3712,0.014586828,0.000212821
5/20/2014 6:00,5.725,4.6239,1.3709,1.3711,1.3706,1.371,-0.014586828,0.000212821
5/20/2014 7:00,5.725,4.6239,1.3709,1.3711,1.3693,1.3694,-0.116771288,0.013635579
5/20/2014 8:00,5.725,4.6396,1.3694,1.37,1.3691,1.3694,0,0.000185929
5/20/2014 9:00,5.787,4.6396,1.3695,1.3696,1.3677,1.3685,-0.065743821,0.004322285
5/20/2014 11:00,5.825,4.659,1.3697,1.3706,1.3693,1.3696,0.080347691,0.006474434
5/20/2014 12:00,5.775,4.659,1.3697,1.3706,1.3694,1.3701,0.036500347,0.001374194
5/20/2014 13:00,5.75,4.6599,1.3701,1.3705,1.3694,1.37,-0.007299004,5.52E-05
5/20/2014 14:00,5.75,4.6599,1.3701,1.3705,1.3696,1.3699,-0.007299536,5.33E-05
5/20/2014 15:00,5.738,4.6599,1.3699,1.3704,1.3688,1.3694,-0.036505677,0.001332667
5/20/2014 16:00,5.725,4.6617,1.3695,1.3701,1.3689,1.3699,0.036505677,0.00133444
5/20/2014 17:00,5.738,4.6642,1.3699,1.3702,1.3686,1.3689,-0.073024686,0.005334385
5/20/2014 18:00,5.7,4.6734,1.3688,1.3695,1.3687,1.3694,0.036519009,0.001362094
5/20/2014 20:00,5.688,4.6765,1.3696,1.3701,1.3695,1.37,0.043805214,0.001920752
5/20/2014 21:00,5.7,4.6767,1.3699,1.3702,1.3696,1.3702,0.014597475,0.000216776
5/20/2014 22:00,5.775,4.6766,1.3702,1.3702,1.3695,1.3699,-0.021897011,0.000479526
5/20/2014 23:00,5.75,4.675,1.3698,1.37,1.3697,1.3698,-0.007300069,5.35E-05
5/21/2014 0:00,5.775,4.6749,1.3698,1.3703,1.3697,1.3703,0.036495019,0.001331886
5/21/2014 4:00,5.8,4.6762,1.3702,1.3704,1.3699,1.3701,-0.014596409,0.000214829
5/21/2014 7:00,5.775,4.6749,1.3706,1.3719,1.3699,1.3717,0.116711663,0.013621658
5/21/2014 8:00,5.775,4.6785,1.3717,1.3723,1.371,1.3715,-0.014581511,0.00039817
5/21/2014 9:00,5.762,4.6785,1.3716,1.3719,1.3706,1.3713,-0.014583637,0.000212841
5/21/2014 10:00,5.75,4.6787,1.3713,1.3714,1.3698,1.3704,-0.0656527,0.004310322
5/21/2014 11:00,5.775,4.6827,1.3704,1.3707,1.3678,1.3681,-0.167975208,0.028234249
5/21/2014 12:00,5.85,4.7148,1.3682,1.3682,1.367,1.3677,-0.029241904,0.001652262
5/21/2014 13:00,5.875,4.7119,1.3678,1.368,1.3658,1.3659,-0.131694488,0.017346168
5/21/2014 14:00,5.95,4.7285,1.366,1.3668,1.365,1.3659,0,0.00030089
5/21/2014 15:00,5.95,4.7253,1.3659,1.3669,1.3657,1.3662,0.021961129,0.000482382
5/21/2014 16:00,5.963,4.7204,1.3663,1.3665,1.3654,1.3655,-0.051250138,0.002626809
5/21/2014 17:00,5.925,4.714,1.3655,1.3673,1.3654,1.3662,0.051250138,0.002633477
5/21/2014 18:00,5.95,4.7168,1.3662,1.3669,1.3634,1.3667,0.036591167,0.001345849
5/21/2014 19:00,5.875,4.7207,1.3668,1.3685,1.3653,1.3678,0.080453469,0.006474572
5/21/2014 20:00,5.85,4.721,1.3678,1.3687,1.3672,1.3686,0.058470985,0.003460776
5/21/2014 21:00,5.875,4.7517,1.3684,1.3687,1.3682,1.3686,0,1.20E-05
5/21/2014 22:00,5.863,4.7515,1.3685,1.3687,1.3683,1.3685,-0.007307004,5.34E-05
5/21/2014 23:00,5.85,4.7515,1.3686,1.3687,1.3683,1.3687,0.014613474,0.000213556
5/22/2014 0:00,5.8,4.7512,1.3687,1.3687,1.3677,1.3681,-0.043846829,0.001922544
5/22/2014 2:00,5.775,4.7544,1.3679,1.3683,1.3676,1.368,-0.007309674,5.71E-05
5/22/2014 6:00,5.83,4.7568,1.3672,1.3675,1.3661,1.3664,-0.117027515,0.013695443
5/22/2014 7:00,5.8,4.7597,1.3665,1.3677,1.366,1.3673,0.065844828,0.004523107
5/22/2014 8:00,5.775,4.7592,1.3674,1.3683,1.3657,1.3679,0.043872478,0.001945253
5/22/2014 9:00,5.775,4.7609,1.3679,1.3686,1.367,1.3679,0,3.78E-06
5/22/2014 10:00,5.675,4.7598,1.3679,1.3687,1.3676,1.368,0.007310209,5.34E-05
5/22/2014 11:00,5.675,4.7596,1.368,1.3685,1.3672,1.3673,-0.051182687,0.00261967
5/22/2014 12:00,5.675,4.7555,1.3673,1.3678,1.3664,1.3669,-0.029259016,0.000862953
5/22/2014 13:00,5.7,4.7565,1.3669,1.3673,1.3657,1.3661,-0.058543727,0.003428113
5/22/2014 14:00,5.725,4.7604,1.366,1.3663,1.3646,1.3646,-0.109861951,0.0120814
5/22/2014 15:00,5.738,4.7627,1.3646,1.3662,1.3646,1.3655,0.065931653,0.004492943
5/22/2014 16:00,5.725,4.75,1.3654,1.366,1.3647,1.3651,-0.02929759,0.000878535
5/22/2014 17:00,5.787,4.7473,1.365,1.3655,1.3645,1.3649,-0.014652015,0.000215453
5/22/2014 22:00,5.775,4.7509,1.3655,1.3659,1.3651,1.3654,0.036626012,0.001341511
5/23/2014 2:00,5.825,4.7583,1.3641,1.3648,1.3639,1.3647,-0.051280174,0.002629656
5/23/2014 4:00,5.775,4.7547,1.3647,1.3651,1.3644,1.3645,-0.01465631,0.000221723
5/23/2014 6:00,5.85,4.7562,1.3649,1.3651,1.3642,1.3646,0.007328423,5.38E-05
5/23/2014 7:00,5.787,4.7567,1.3645,1.3651,1.3643,1.3647,0.007327886,5.37E-05
5/23/2014 8:00,5.813,4.7547,1.3647,1.365,1.3642,1.3643,-0.029314768,0.000859359
5/23/2014 9:00,5.925,4.7546,1.3642,1.3644,1.3615,1.3619,-0.176069299,0.031001137
5/23/2014 10:00,5.975,4.7593,1.3619,1.3625,1.3615,1.362,0.007342413,0.001014981
5/23/2014 11:00,6.075,4.7561,1.3619,1.3625,1.3614,1.3616,-0.029372889,0.000863797
5/23/2014 12:00,6.025,4.7556,1.3615,1.3634,1.3615,1.3634,0.132110111,0.017453828
5/23/2014 13:00,5.975,4.7735,1.3634,1.3634,1.3624,1.363,-0.029342723,0.001165631
5/23/2014 14:00,5.975,4.7744,1.363,1.3633,1.3625,1.3632,0.014672438,0.000216639
5/23/2014 15:00,5.915,4.7651,1.3631,1.3643,1.3628,1.363,-0.014672438,0.000215327
5/23/2014 16:00,5.878,4.7651,1.3633,1.3634,1.3623,1.3626,-0.029351336,0.000861547
5/23/2014 17:00,5.865,4.7527,1.3627,1.3628,1.3622,1.3627,0.007338642,5.46E-05
5/23/2014 18:00,5.878,4.7511,1.3625,1.3633,1.3625,1.3633,0.044020544,0.001937811
5/23/2014 19:00,5.9,4.7518,1.3633,1.3633,1.3628,1.3632,-0.007335412,5.76E-05
5/26/2014 1:00,6.075,4.58,1.3626,1.3627,1.3616,1.3618,-0.102752303,0.010558036
5/26/2014 3:00,6.1,4.5864,1.3618,1.362,1.3616,1.3618,0,0.000111472
5/26/2014 4:00,6.1,4.5864,1.3618,1.362,1.3614,1.3619,0.007342953,5.39E-05
5/26/2014 6:00,6.1,4.5866,1.3618,1.3621,1.3615,1.362,0.007342413,5.39E-05
5/26/2014 7:00,6.075,4.587,1.362,1.3626,1.3618,1.3625,0.036703983,0.001347185
5/26/2014 8:00,6.075,4.5888,1.3625,1.3645,1.362,1.364,0.110031187,0.012108677
5/26/2014 9:00,6.052,4.6048,1.364,1.3644,1.3632,1.364,0,0.00014662
5/26/2014 11:00,6.025,4.607,1.3647,1.3647,1.3638,1.3642,0.014661682,0.000214986
5/26/2014 12:00,6.025,4.6079,1.3642,1.3645,1.3637,1.3641,-0.007330572,5.38E-05
5/26/2014 13:00,6,4.6085,1.3639,1.3643,1.3634,1.3638,-0.021994941,0.00048378
5/26/2014 15:00,6,4.6088,1.3642,1.3654,1.3639,1.3651,0.095276492,0.009077844
5/26/2014 16:00,6.012,4.6152,1.3649,1.3653,1.3646,1.3648,-0.021978827,0.000565476
5/26/2014 17:00,6.025,4.6158,1.3647,1.3649,1.3642,1.3645,-0.021983659,0.000483601
5/26/2014 22:00,6.05,4.6168,1.3644,1.3646,1.364,1.3643,-0.014658458,0.000215104
5/26/2014 23:00,6.05,4.617,1.3644,1.3647,1.3641,1.3644,0.007329498,5.38E-05
5/27/2014 0:00,6.075,4.617,1.3643,1.3653,1.3642,1.3651,0.051291446,0.002630812
5/27/2014 2:00,6.025,4.6358,1.3666,1.3668,1.3658,1.3662,0.080547729,0.006494858
5/27/2014 3:00,6.037,4.6366,1.3663,1.3664,1.3658,1.3662,0,4.22E-05
5/27/2014 5:00,6.025,4.6392,1.3655,1.3658,1.3652,1.3654,-0.058573731,0.003430884
5/27/2014 6:00,6,4.6395,1.3654,1.3657,1.3648,1.3652,-0.014648795,0.000226358
5/27/2014 7:00,5.963,4.6397,1.3651,1.3656,1.3644,1.365,-0.014650941,0.000214701
5/27/2014 8:00,5.975,4.6397,1.3652,1.3657,1.3642,1.3648,-0.014653088,0.000214759
5/27/2014 9:00,6.025,4.6415,1.3648,1.3649,1.3638,1.3642,-0.043972152,0.001933596
5/27/2014 10:00,6.025,4.6424,1.3643,1.365,1.3637,1.3645,0.021988493,0.000487233
5/27/2014 11:00,5.975,4.6428,1.3645,1.3659,1.3643,1.3644,-0.00732896,5.40E-05
5/27/2014 12:00,5.975,4.6428,1.3644,1.3649,1.3637,1.3641,-0.021990105,0.000483568
5/27/2014 13:00,5.975,4.6443,1.3642,1.3642,1.3624,1.3638,-0.021994941,0.000484011
5/27/2014 14:00,5.975,4.6447,1.3638,1.364,1.3624,1.3636,-0.014665982,0.000215325
5/27/2014 15:00,6.025,4.6449,1.3637,1.3638,1.3611,1.3613,-0.168813575,0.028498069
5/27/2014 16:00,6.037,4.6836,1.3612,1.3624,1.3611,1.3617,0.029379361,0.001675287
5/27/2014 17:00,6.012,4.6848,1.3617,1.362,1.3612,1.3614,-0.022033712,0.000488291
5/27/2014 20:00,6.025,4.7045,1.3633,1.3638,1.363,1.3634,0.146799791,0.021550417
5/27/2014 22:00,6.05,4.6997,1.3633,1.3635,1.3629,1.3634,0,0.00046442
5/28/2014 0:00,6.025,4.6982,1.3635,1.3636,1.3631,1.3633,-0.007334874,5.38E-05
5/28/2014 2:00,6.037,4.6751,1.3632,1.3636,1.3629,1.3634,0.007334874,5.38E-05
5/28/2014 3:00,6.037,4.6747,1.3634,1.3637,1.363,1.3636,0.014668134,0.000215157
5/28/2014 6:00,5.975,4.6769,1.3629,1.3633,1.3626,1.3629,-0.051347883,0.002636651
5/28/2014 7:00,5.975,4.6771,1.363,1.3637,1.3623,1.3628,-0.007337565,6.08E-05
5/28/2014 8:00,6.025,4.6642,1.3628,1.3635,1.3617,1.362,-0.058719908,0.003448031
5/28/2014 9:00,6.025,4.6163,1.362,1.3626,1.3615,1.362,0,1.19E-05
5/28/2014 10:00,6.012,4.6157,1.3619,1.3625,1.3615,1.3619,-0.007342413,5.39E-05
5/28/2014 11:00,6.025,4.6155,1.3619,1.3625,1.3616,1.362,0.007342413,5.39E-05
5/28/2014 12:00,6.025,4.616,1.3619,1.3621,1.3603,1.361,-0.073448406,0.005394671
5/28/2014 13:00,6.065,4.6207,1.361,1.3629,1.36,1.3619,0.066105992,0.004399105
5/28/2014 14:00,6.075,4.6196,1.3619,1.362,1.3594,1.3601,-0.132255714,0.017510926
5/28/2014 15:00,6.088,4.639,1.36,1.3602,1.3589,1.3594,-0.051480053,0.002956828
5/28/2014 16:00,6.075,4.6225,1.3594,1.3601,1.3589,1.3594,0,8.74E-06
5/28/2014 17:00,6.075,4.6225,1.3594,1.3597,1.3587,1.3591,-0.022070995,0.000487129
5/28/2014 22:00,6.025,4.6214,1.3588,1.3593,1.3588,1.3591,0,2.37E-07
5/29/2014 0:00,6,4.6211,1.3594,1.3596,1.359,1.3591,0,0
5/29/2014 4:00,5.988,4.6275,1.3605,1.3609,1.3602,1.3605,0.102956326,0.010600005
5/29/2014 7:00,5.963,4.6265,1.36,1.3605,1.3592,1.3594,-0.080885331,0.006654797
5/29/2014 8:00,5.975,4.629,1.3594,1.3597,1.3584,1.3592,-0.014713455,0.000260772
5/29/2014 10:00,5.963,4.6726,1.3617,1.3619,1.3611,1.3616,0.176418746,0.031123642
5/29/2014 11:00,5.925,4.6707,1.3617,1.3624,1.3613,1.3615,-0.007344571,0.001022624
5/29/2014 12:00,5.9,4.6704,1.3614,1.362,1.3609,1.3613,-0.01469076,0.000216864
5/29/2014 13:00,5.875,4.6704,1.3613,1.3625,1.36,1.3601,-0.088189908,0.007777507
5/29/2014 14:00,5.9,4.6223,1.3602,1.3608,1.3594,1.3598,-0.022059635,0.000547117
5/29/2014 15:00,5.887,4.6181,1.3599,1.3617,1.3596,1.3616,0.132284873,0.017499587
5/29/2014 16:00,5.875,4.629,1.3614,1.3624,1.3604,1.3607,-0.066120562,0.004678164
5/29/2014 17:00,5.9,4.6247,1.3607,1.361,1.3602,1.3609,0.014697237,0.000237894
5/29/2014 18:00,5.875,4.6236,1.3608,1.3609,1.3599,1.36,-0.066154584,0.004376486
5/29/2014 22:00,5.9,4.6272,1.36,1.3608,1.3598,1.3603,0.022056391,0.000505638
5/30/2014 0:00,5.925,4.6273,1.3602,1.3604,1.3599,1.3602,-0.00735159,5.40E-05
5/30/2014 2:00,5.912,4.6265,1.3603,1.3612,1.3601,1.3604,0.014702639,0.000216171
5/30/2014 3:00,5.912,4.6262,1.3605,1.3607,1.3601,1.3605,0.007350509,5.41E-05
5/30/2014 5:00,5.875,4.6264,1.3603,1.3606,1.3599,1.3605,0,2.92E-09
5/30/2014 6:00,5.875,4.6266,1.3604,1.3607,1.3601,1.3602,-0.022053148,0.000486341
5/30/2014 7:00,5.875,4.6257,1.3601,1.3612,1.3597,1.3609,0.051449782,0.002647317
5/30/2014 8:00,5.9,4.6263,1.3609,1.3616,1.3602,1.361,0.007347809,6.10E-05
5/30/2014 9:00,5.887,4.6266,1.3612,1.3615,1.3601,1.3609,-0.007347809,5.40E-05
5/30/2014 10:00,5.875,4.6134,1.3608,1.3617,1.3607,1.3613,0.029387995,0.000863657
5/30/2014 11:00,5.875,4.558,1.3613,1.3615,1.3607,1.361,-0.022040187,0.000486516
5/30/2014 12:00,5.887,4.5552,1.361,1.3612,1.3605,1.3611,0.007347269,5.42E-05
5/30/2014 13:00,5.825,4.5289,1.3611,1.3619,1.3604,1.3616,0.036728248,0.001348967
5/30/2014 14:00,5.787,4.5211,1.3617,1.3638,1.3613,1.3618,0.014687523,0.000217543
5/30/2014 15:00,5.725,4.52,1.3618,1.3646,1.3615,1.3646,0.205399133,0.042188851
5/30/2014 16:00,5.725,4.568,1.3645,1.3649,1.3635,1.3639,-0.051310245,0.00441264
5/30/2014 17:00,5.725,4.5698,1.3639,1.3643,1.3631,1.364,0.007331647,7.32E-05
5/30/2014 18:00,5.713,4.5695,1.3641,1.3643,1.3634,1.3641,0.00733111,5.38E-05
5/30/2014 19:00,5.7,4.5695,1.3641,1.3642,1.3632,1.3633,-0.058663931,0.00344146
6/2/2014 2:00,6.213,4.2824,1.3623,1.3624,1.3619,1.3624,-0.066038084,0.004361029
6/2/2014 3:00,6.25,4.2829,1.3623,1.3628,1.3619,1.3627,0.022017541,0.000503791
6/2/2014 6:00,6.175,4.2837,1.3627,1.3636,1.3625,1.3633,0.044020544,0.001938062
6/2/2014 7:00,6.125,4.2856,1.3633,1.3635,1.3625,1.3631,-0.014671362,0.000219005
6/2/2014 8:00,6.125,4.2857,1.3633,1.3633,1.3603,1.3606,-0.183573867,0.033699413
6/2/2014 9:00,6.162,4.3313,1.3606,1.3608,1.3592,1.3596,-0.073524009,0.00654143
6/2/2014 10:00,6.175,4.3405,1.3596,1.3604,1.3594,1.3602,0.044120892,0.001989443
6/2/2014 11:00,6.15,4.3432,1.3603,1.3611,1.3598,1.3608,0.044101434,0.001948894
6/2/2014 12:00,6.125,4.346,1.3611,1.3616,1.3605,1.3608,0,3.80E-06
6/2/2014 13:00,6.125,4.3461,1.3608,1.3627,1.3601,1.3618,0.073459197,0.005396254
6/2/2014 14:00,6.175,4.3516,1.3617,1.3619,1.3606,1.361,-0.05876304,0.003482214
6/2/2014 15:00,6.15,4.3564,1.3609,1.3624,1.3604,1.3605,-0.036744443,0.00136228
6/2/2014 16:00,6.102,4.3583,1.3605,1.361,1.3598,1.3605,0,1.86E-06
6/2/2014 17:00,6.128,4.3584,1.3604,1.3605,1.3586,1.3595,-0.073529415,0.005406575
6/2/2014 19:00,6.175,4.3684,1.36,1.3602,1.3591,1.3595,0,2.92E-05
6/2/2014 22:00,6.14,4.3721,1.3596,1.3598,1.3594,1.3597,0.014710209,0.000216391
6/2/2014 23:00,6.075,4.3722,1.3597,1.3598,1.3594,1.3597,0,4.68E-08
6/3/2014 0:00,6.1,4.3722,1.3597,1.3598,1.3594,1.3596,-0.007354834,5.41E-05
6/3/2014 1:00,6.162,4.3725,1.3596,1.3604,1.3592,1.3602,0.044120892,0.001946656
6/3/2014 2:00,6.162,4.3752,1.3601,1.3604,1.3599,1.3601,-0.00735213,5.78E-05
6/3/2014 3:00,6.105,4.3752,1.36,1.3605,1.3599,1.3602,0.00735213,5.41E-05
6/3/2014 5:00,6.225,4.3754,1.3602,1.3604,1.36,1.3603,0.00735159,5.40E-05
6/3/2014 6:00,6.15,4.3756,1.3603,1.3606,1.3601,1.3602,-0.00735159,5.40E-05
6/3/2014 7:00,6.125,4.3756,1.3603,1.3608,1.3599,1.3603,0.00735159,5.40E-05
6/3/2014 8:00,6.188,4.3756,1.3603,1.3607,1.3599,1.3604,0.007351049,5.40E-05
6/3/2014 9:00,6.325,4.3756,1.3604,1.3608,1.3591,1.3592,-0.088248278,0.007787761
6/3/2014 10:00,6.325,4.3855,1.3592,1.3612,1.3585,1.3608,0.117647072,0.013901483
6/3/2014 11:00,6.275,4.4047,1.3608,1.3611,1.3602,1.3604,-0.029398795,0.00105754
6/3/2014 12:00,6.275,4.4056,1.3605,1.3626,1.3603,1.3621,0.124885232,0.01559744
6/3/2014 13:00,6.325,4.4258,1.3622,1.3647,1.362,1.3635,0.102729683,0.010796668
6/3/2014 14:00,6.325,4.4403,1.3636,1.3643,1.3633,1.3636,0.007333798,0.000170353
6/3/2014 15:00,6.363,4.4406,1.3637,1.3638,1.3617,1.3618,-0.132090721,0.017447988
6/3/2014 16:00,6.325,4.4644,1.362,1.3629,1.3616,1.3623,0.036709372,0.00165201
6/3/2014 17:00,6.338,4.4656,1.3621,1.3633,1.3619,1.3633,0.073378342,0.00538711
6/3/2014 18:00,6.325,4.4716,1.3632,1.3633,1.3626,1.3629,-0.029344876,0.000890143
6/3/2014 20:00,6.35,4.4758,1.362,1.3625,1.3619,1.3621,-0.058715598,0.003448314
6/3/2014 22:00,6.35,4.4657,1.3627,1.363,1.3623,1.3626,0.036701289,0.001358875
6/3/2014 23:00,6.3,4.4555,1.3627,1.3629,1.3623,1.3627,0.007338642,5.57E-05
6/4/2014 0:00,4.48,4.455,1.3627,1.3628,1.3616,1.3618,-0.066067171,0.004364871
6/4/2014 1:00,4.492,4.4583,1.3619,1.3622,1.3614,1.3616,-0.014687523,0.000234775
6/4/2014 2:00,4.45,4.456,1.3616,1.3617,1.361,1.3616,0,5.51E-08
6/4/2014 4:00,4.3,4.4535,1.3613,1.3615,1.3607,1.3611,-0.036728248,0.001348964
6/4/2014 6:00,4.2,4.4536,1.3611,1.3616,1.361,1.3616,0.036728248,0.001350784
6/4/2014 7:00,4.492,4.4539,1.3615,1.3616,1.3604,1.3605,-0.08081996,0.006533691
6/4/2014 8:00,4.51,4.4591,1.3606,1.3614,1.3603,1.3611,0.044091711,0.001986768
6/4/2014 9:00,4.525,4.4602,1.361,1.3626,1.36,1.3618,0.051415771,0.002647529
6/4/2014 10:00,4.5,4.4591,1.3614,1.3618,1.3597,1.3611,-0.051415771,0.002650591
6/4/2014 11:00,4.425,4.456,1.3613,1.3622,1.3609,1.3618,0.051415771,0.002650607
6/4/2014 12:00,4.425,4.4589,1.3618,1.3626,1.3615,1.3622,0.029368576,0.000869539
6/4/2014 13:00,4.8,4.4592,1.3623,1.3638,1.3619,1.3626,0.029359953,0.000862763
6/4/2014 14:00,4.7,4.457,1.3626,1.363,1.361,1.3617,-0.066072021,0.004366256
6/4/2014 15:00,4.9,4.4609,1.3616,1.3623,1.3606,1.362,0.022028858,0.000504335
6/4/2014 16:00,4.875,4.4613,1.362,1.3622,1.3611,1.3619,-0.007342413,5.42E-05
6/4/2014 17:00,5,4.4594,1.3617,1.3619,1.3605,1.3607,-0.088151038,0.007770608
6/4/2014 18:00,5.015,4.4644,1.3607,1.3608,1.3598,1.3603,-0.029400956,0.000924799
6/4/2014 19:00,5.03,4.4651,1.3603,1.3605,1.3594,1.3598,-0.036763355,0.0013524
6/4/2014 21:00,5.102,4.4661,1.3597,1.3601,1.3595,1.3598,0,1.83E-06
6/4/2014 22:00,5.065,4.466,1.3597,1.36,1.3596,1.36,0.014706964,0.000216295
6/4/2014 23:00,4.965,4.4663,1.36,1.36,1.3596,1.3599,-0.007353212,5.41E-05
6/5/2014 0:00,4.875,4.4663,1.3599,1.3603,1.3597,1.3602,0.022058013,0.000486556
6/5/2014 1:00,4.875,4.467,1.3601,1.3604,1.3597,1.3599,-0.022058013,0.000486793
6/5/2014 2:00,4.802,4.4676,1.3599,1.36,1.3593,1.3596,-0.022062879,0.000487008
6/5/2014 3:00,4.875,4.4682,1.3598,1.3601,1.3593,1.3596,0,2.37E-07
6/5/2014 4:00,4.802,4.4671,1.3596,1.36,1.3594,1.3597,0.007354834,5.41E-05
6/5/2014 5:00,4.79,4.4674,1.3597,1.3603,1.3596,1.3602,0.036766058,0.001351746
6/5/2014 6:00,4.775,4.4672,1.3601,1.3604,1.3598,1.3602,0,1.83E-06
6/5/2014 7:00,4.875,4.4668,1.3602,1.3613,1.3599,1.3604,0.014702639,0.000216168
6/5/2014 8:00,4.98,4.4665,1.3602,1.361,1.3599,1.3608,0.029398795,0.000864336
6/5/2014 9:00,4.975,4.3739,1.3609,1.3613,1.3604,1.3613,0.036736344,0.001350306
6/5/2014 10:00,4.95,4.374,1.3612,1.3617,1.3609,1.3613,0,1.82E-06
6/5/2014 11:00,4.95,4.3741,1.3612,1.3618,1.3604,1.3607,-0.044085232,0.001943508
6/5/2014 12:00,4.7,4.3689,1.3607,1.3644,1.3556,1.3569,-0.279658704,0.078212768
6/5/2014 13:00,4.425,4.4735,1.357,1.3578,1.3502,1.3538,-0.228723308,0.058431589
6/5/2014 14:00,5.825,4.5466,1.3538,1.3601,1.3528,1.3583,0.331846475,0.113536334
6/5/2014 16:00,5.7,4.7442,1.3613,1.3624,1.3605,1.3618,0.257343622,0.079116239
6/5/2014 17:00,5.662,4.7406,1.3615,1.3644,1.3614,1.3635,0.124756924,0.021823669
6/5/2014 18:00,5.637,4.7617,1.3636,1.3669,1.3628,1.3662,0.197824001,0.039610608
6/5/2014 19:00,5.63,4.8003,1.3662,1.3668,1.3647,1.3657,-0.036604561,0.002908894
6/5/2014 20:00,5.588,4.8002,1.3656,1.3659,1.3649,1.3656,-0.00732252,6.21E-05
6/5/2014 21:00,5.615,4.7998,1.3654,1.3665,1.3653,1.3658,0.014644505,0.000214465
6/5/2014 22:00,5.65,4.7991,1.366,1.3665,1.3658,1.3662,0.029282577,0.000857515
6/6/2014 0:00,5.6,4.801,1.3661,1.3665,1.3655,1.366,-0.014640217,0.000214336
6/6/2014 1:00,5.65,4.7997,1.366,1.3662,1.3656,1.3657,-0.021964345,0.000482478
6/6/2014 2:00,5.582,4.7992,1.3657,1.3663,1.3656,1.3661,0.029284721,0.000857828
6/6/2014 3:00,5.59,4.7989,1.3662,1.3664,1.3658,1.366,-0.007320376,5.43E-05
6/6/2014 4:00,5.59,4.7991,1.366,1.3661,1.3654,1.3658,-0.01464236,0.000214402
6/6/2014 5:00,5.55,4.7992,1.3658,1.3659,1.3653,1.3655,-0.021967561,0.00048262
6/6/2014 6:00,5.54,4.7997,1.3655,1.366,1.3654,1.3655,0,2.33E-07
6/6/2014 7:00,5.45,4.7973,1.3654,1.3661,1.3645,1.3653,-0.014647722,0.000214556
6/6/2014 8:00,5.175,4.7975,1.3652,1.3655,1.3643,1.3646,-0.051283931,0.002630088
6/6/2014 9:00,5.2,4.7917,1.3646,1.365,1.3626,1.3634,-0.087976545,0.00774679
6/6/2014 10:00,5.275,4.7826,1.3635,1.3638,1.362,1.3622,-0.088054012,0.007813522
6/6/2014 11:00,5.325,4.7923,1.3622,1.3633,1.3619,1.3631,0.066047777,0.00442336
6/6/2014 12:00,5.262,4.7941,1.363,1.3648,1.3629,1.3638,0.051340351,0.002655398
6/6/2014 13:00,4.887,4.7969,1.3637,1.3677,1.3626,1.3662,0.175824221,0.030921208
6/6/2014 14:00,4.825,4.8419,1.3663,1.3667,1.3619,1.3631,-0.227164572,0.052559864
6/6/2014 15:00,4.775,4.9103,1.3632,1.3643,1.3622,1.3638,0.051340351,0.005398371
6/6/2014 16:00,4.8,4.9116,1.3639,1.3641,1.3629,1.3637,-0.007332722,8.29E-05
6/6/2014 17:00,4.8,4.9097,1.3639,1.3639,1.3633,1.3638,0.007332722,5.38E-05
6/6/2014 18:00,4.838,4.9093,1.3636,1.364,1.3631,1.3638,0,2.89E-09
6/6/2014 19:00,4.827,4.9081,1.3638,1.3648,1.3634,1.3644,0.043985046,0.001934684
6/6/2014 20:00,4.825,4.9135,1.3646,1.3646,1.3637,1.3644,0,3.74E-06
6/6/2014 21:00,4.84,4.9137,1.3643,1.3645,1.3639,1.3641,-0.021990105,0.000483565
6/9/2014 2:00,4.925,4.5007,1.3643,1.3646,1.364,1.3642,0.007330572,5.37E-05
6/9/2014 4:00,4.875,4.501,1.3641,1.3645,1.364,1.3644,0.014659532,0.000214905
6/9/2014 5:00,4.887,4.5019,1.3643,1.3646,1.3643,1.3644,0,4.62E-08
6/9/2014 6:00,4.9,4.5019,1.3644,1.3646,1.364,1.3645,0.00732896,5.37E-05
6/9/2014 7:00,4.887,4.502,1.3646,1.3668,1.3643,1.3665,0.146466522,0.021452445
6/9/2014 8:00,4.887,4.528,1.3664,1.3666,1.3641,1.3648,-0.124482863,0.015956191
6/9/2014 9:00,4.85,4.5476,1.3648,1.3651,1.3632,1.3633,-0.109966655,0.012347265
6/9/2014 10:00,4.863,4.5627,1.3634,1.3638,1.3619,1.3619,-0.102744762,0.010708941
6/9/2014 11:00,4.872,4.5767,1.362,1.3626,1.3615,1.3624,0.036706677,0.001462062
6/9/2014 12:00,4.9,4.5776,1.3623,1.3625,1.3603,1.3612,-0.088118672,0.007767038
6/9/2014 13:00,4.9,4.5863,1.3612,1.3616,1.3601,1.3606,-0.044088472,0.00200412
6/9/2014 14:00,4.963,4.5884,1.3605,1.3609,1.3581,1.3584,-0.161824235,0.0261911
6/9/2014 15:00,5.05,4.623,1.3585,1.3595,1.3581,1.359,0.044159859,0.002636067
6/9/2014 16:00,5.05,4.627,1.3592,1.3595,1.3586,1.3588,-0.014717786,0.000223562
6/9/2014 17:00,5.113,4.6288,1.3588,1.3592,1.3582,1.3585,-0.022080742,0.000487609
6/9/2014 18:00,5.137,4.6293,1.3585,1.359,1.3583,1.3584,-0.007361331,5.44E-05
6/9/2014 19:00,5.125,4.6293,1.3586,1.3588,1.3583,1.3587,0.022082367,0.000487634
6/9/2014 20:00,5.125,4.6297,1.3588,1.359,1.3585,1.3589,0.01471887,0.000216883
6/9/2014 21:00,5.15,4.6298,1.3589,1.3593,1.3587,1.3592,0.022074243,0.000487319
6/9/2014 22:00,5.113,4.6309,1.3593,1.3594,1.3589,1.3591,-0.00735754,5.44E-05
6/9/2014 23:00,5.075,4.6311,1.3592,1.3593,1.359,1.3592,0.00735754,5.41E-05
6/10/2014 0:00,5.1,4.6312,1.3592,1.3592,1.3586,1.359,-0.014715621,0.00021655
6/10/2014 1:00,5.125,4.6312,1.3591,1.3592,1.3585,1.359,0,4.69E-08
6/10/2014 2:00,5.15,4.6314,1.359,1.3593,1.3585,1.359,0,2.20E-15
6/10/2014 3:00,5.15,4.6314,1.359,1.3591,1.3586,1.359,0,4.84E-30
6/10/2014 4:00,5.113,4.6314,1.359,1.3592,1.3587,1.3589,-0.007358622,5.41E-05
6/10/2014 5:00,5.1,4.6316,1.3589,1.3592,1.3583,1.3585,-0.029439906,0.000866711
6/10/2014 7:00,5.088,4.6332,1.3585,1.3601,1.3585,1.3597,0.08829373,0.007796534
6/10/2014 8:00,5.113,4.6403,1.3596,1.3602,1.3589,1.3591,-0.04413712,0.002008871
6/10/2014 9:00,5.375,4.6424,1.359,1.3592,1.3555,1.3557,-0.250478988,0.062743759
6/10/2014 10:00,5.425,4.7287,1.3555,1.3561,1.3541,1.3542,-0.110705203,0.016192421
6/10/2014 11:00,5.525,4.7424,1.3541,1.355,1.3532,1.3544,0.014767777,0.000480282
6/10/2014 12:00,5.512,4.7427,1.3544,1.355,1.3536,1.3546,0.014765596,0.000218253
6/10/2014 13:00,5.4,4.7428,1.3546,1.3557,1.3541,1.3546,0,4.76E-08
6/10/2014 14:00,5.363,4.7429,1.3544,1.3554,1.354,1.3553,0.051662424,0.002669006
6/10/2014 15:00,5.35,4.7479,1.3553,1.3555,1.3537,1.3545,-0.05904495,0.00349343
6/10/2014 16:00,5.363,4.7536,1.3544,1.3553,1.3539,1.3542,-0.022150847,0.000502864
6/10/2014 17:00,5.24,4.754,1.3541,1.3547,1.3539,1.3545,0.022150847,0.000490913
6/10/2014 18:00,5.215,4.7551,1.3545,1.3546,1.3534,1.3535,-0.073855247,0.005454839
6/10/2014 19:00,5.215,4.7614,1.3535,1.3545,1.3534,1.3543,0.059088561,0.003521213
6/10/2014 20:00,5.175,4.7643,1.3542,1.3548,1.354,1.3546,0.022149212,0.000502987
6/10/2014 21:00,5.175,4.7647,1.3546,1.3548,1.3541,1.3547,0.007381981,5.47E-05
6/10/2014 22:00,5.225,4.7634,1.3547,1.3547,1.3542,1.3544,-0.022147577,0.000490518
6/10/2014 23:00,5.205,4.7613,1.3543,1.3547,1.3541,1.3544,0,2.41E-07
6/11/2014 0:00,5.24,4.7613,1.3544,1.3547,1.3536,1.3538,-0.044309874,0.001963365
6/11/2014 1:00,5.325,4.7627,1.3539,1.3541,1.3525,1.3532,-0.044329517,0.001968961
6/11/2014 2:00,5.387,4.7601,1.3532,1.3533,1.3521,1.3524,-0.059136607,0.003501015
6/11/2014 3:00,5.387,4.765,1.3524,1.3527,1.352,1.3525,0.007393989,6.69E-05
6/11/2014 6:00,5.375,4.7665,1.3532,1.3544,1.353,1.3544,0.14038201,0.019707113
6/11/2014 7:00,5.325,4.7765,1.3544,1.3545,1.3534,1.3539,-0.036923532,0.001751718
6/11/2014 8:00,5.262,4.7754,1.3539,1.3544,1.3532,1.3537,-0.014773231,0.000221317
6/11/2014 9:00,5.275,4.7755,1.3537,1.354,1.3521,1.3524,-0.096079236,0.009231269
6/11/2014 10:00,5.275,4.7895,1.3524,1.3538,1.3522,1.3531,0.051746444,0.002762911
6/11/2014 11:00,5.275,4.7929,1.3531,1.3535,1.3526,1.3533,0.014779781,0.000226076
6/11/2014 12:00,5.2,4.7865,1.3534,1.3557,1.353,1.3548,0.110778786,0.012271991
6/11/2014 13:00,5.188,4.7988,1.3549,1.355,1.3538,1.3543,-0.036912628,0.001513144
6/11/2014 14:00,5.225,4.7993,1.3545,1.3554,1.3531,1.3537,-0.044313147,0.001965945
6/11/2014 15:00,5.275,4.8019,1.3538,1.354,1.3525,1.3532,-0.036942629,0.001368623
6/11/2014 16:00,5.35,4.7952,1.3531,1.3534,1.3525,1.3531,-0.007390164,5.65E-05
6/11/2014 17:00,5.325,4.7938,1.353,1.3538,1.3529,1.3535,0.029557378,0.000873642
6/11/2014 18:00,5.325,4.7942,1.3535,1.3536,1.3528,1.3531,-0.029557378,0.000874402
6/11/2014 19:00,5.305,4.7951,1.3529,1.3535,1.3526,1.3528,-0.022173769,0.000492441
6/11/2014 20:00,5.35,4.795,1.3528,1.3532,1.3523,1.3528,0,2.42E-07
6/11/2014 22:00,5.375,4.7947,1.3531,1.3536,1.3528,1.3533,0.03695355,0.001365565
6/12/2014 0:00,5.3,4.7947,1.3532,1.3536,1.353,1.3535,0.014777597,0.000218377
6/12/2014 1:00,5.275,4.7953,1.3535,1.354,1.3531,1.3537,0.014775414,0.000218361
6/12/2014 2:00,5.2,4.7905,1.3539,1.3545,1.3536,1.3542,0.036928986,0.001363798
6/12/2014 4:00,5.175,4.7881,1.3543,1.3546,1.3541,1.3544,0.014767777,0.000219947
6/12/2014 6:00,5.15,4.7881,1.3541,1.3543,1.3537,1.3539,-0.036923532,0.001363396
6/12/2014 7:00,5.162,4.7885,1.3539,1.3548,1.353,1.3543,0.029539916,0.000874465
6/12/2014 8:00,5.18,4.7899,1.3543,1.3545,1.3528,1.3531,-0.088645939,0.007858867
6/12/2014 9:00,5.265,4.7915,1.3532,1.3533,1.3518,1.3528,-0.022173769,0.000553438
6/12/2014 10:00,5.3,4.7908,1.3527,1.3532,1.351,1.3519,-0.066550821,0.004429318
6/12/2014 11:00,5.275,4.777,1.352,1.3531,1.3517,1.3522,0.022188529,0.00051195
6/12/2014 12:00,5.275,4.696,1.3522,1.3531,1.352,1.3525,0.022183606,0.000492374
6/12/2014 13:00,5.225,4.6952,1.3526,1.3544,1.3521,1.3543,0.132998394,0.017688815
6/12/2014 14:00,5.225,4.7016,1.3543,1.3544,1.3531,1.3542,-0.007384161,0.00036742
6/12/2014 15:00,5.125,4.7016,1.354,1.3554,1.3531,1.355,0.059058026,0.003487985
6/12/2014 17:00,5.113,4.6866,1.3554,1.3556,1.354,1.3546,-0.029524653,0.000883871
6/12/2014 18:00,5.088,4.6838,1.3545,1.3563,1.3545,1.3556,0.073795295,0.005446527
6/12/2014 19:00,5.075,4.6908,1.3556,1.3572,1.3553,1.3563,0.051624324,0.002694735
6/12/2014 20:00,5.075,4.6953,1.3562,1.3568,1.356,1.3563,0,7.26E-06
6/12/2014 21:00,5.075,4.6947,1.3561,1.3571,1.3545,1.3551,-0.088515164,0.007834934
6/12/2014 22:00,5.113,4.7065,1.3551,1.3556,1.3547,1.3548,-0.022141039,0.000551612
6/12/2014 23:00,5.137,4.7067,1.3549,1.3551,1.3545,1.355,0.014761237,0.000218198
6/13/2014 0:00,5.125,4.707,1.355,1.3553,1.3546,1.355,0,0
6/13/2014 1:00,5.19,4.7064,1.3549,1.3557,1.3548,1.3555,0.036893562,0.001361135
6/13/2014 2:00,5.2,4.7067,1.3554,1.3564,1.3551,1.3558,0.022129606,0.000491572
6/13/2014 3:00,5.188,4.7065,1.356,1.3561,1.3553,1.3557,-0.007375991,5.46E-05
6/13/2014 6:00,5.188,4.704,1.3557,1.3561,1.3552,1.3559,0.014751438,0.000217608
6/13/2014 7:00,5.15,4.7042,1.356,1.3573,1.3555,1.3569,0.073724568,0.005435359
6/13/2014 8:00,5.15,4.709,1.3569,1.3575,1.3565,1.3574,0.036841912,0.00138687
6/13/2014 9:00,5.125,4.71,1.3574,1.3579,1.3568,1.3571,-0.022103518,0.000490489
6/13/2014 10:00,5.1,4.7053,1.3571,1.3575,1.3565,1.3571,0,2.41E-07
6/13/2014 11:00,5.113,4.6985,1.3571,1.3574,1.3539,1.3539,-0.236075359,0.055731575
6/13/2014 12:00,5.125,4.7559,1.3541,1.3541,1.3528,1.3536,-0.022160665,0.003597104
6/13/2014 13:00,5.15,4.7494,1.3536,1.3544,1.3529,1.3544,0.059084197,0.003503881
6/13/2014 14:00,5.025,4.751,1.3542,1.3546,1.3532,1.3539,-0.036923532,0.001375624
6/13/2014 15:00,5,4.751,1.3543,1.3545,1.3523,1.3531,-0.059106023,0.003495414
6/13/2014 16:00,5,4.7619,1.3528,1.3537,1.3519,1.3521,-0.07393169,0.005478113
6/13/2014 17:00,5.025,4.7615,1.3521,1.3534,1.3519,1.353,0.066540981,0.004457712
6/13/2014 18:00,5.012,4.761,1.3531,1.3537,1.3528,1.3536,0.044336068,0.001985558
6/13/2014 19:00,5,4.7605,1.3534,1.3536,1.3529,1.3532,-0.029555195,0.000877452
6/13/2014 20:00,5,4.7603,1.3533,1.3541,1.353,1.3538,0.044329517,0.001965876
6/13/2014 21:00,5,4.7608,1.3539,1.3543,1.3531,1.3542,0.029542098,0.0008766
6/16/2014 2:00,5.2,4.407,1.3541,1.3544,1.3533,1.3536,-0.04431642,0.001963945
6/16/2014 3:00,5.2,4.4093,1.3535,1.3539,1.3535,1.3539,0.022160665,0.000494952
6/16/2014 4:00,5.2,4.4098,1.3538,1.3542,1.3537,1.3541,0.014771049,0.000218429
6/16/2014 5:00,5.225,4.4103,1.3541,1.3544,1.3538,1.3543,0.014768867,0.000218167
6/16/2014 6:00,5.188,4.4106,1.3543,1.3546,1.3538,1.3546,0.022149212,0.000490635
6/16/2014 7:00,5.15,4.411,1.3546,1.3552,1.3536,1.3539,-0.051689128,0.002672007
6/16/2014 8:00,5.2,4.4153,1.3539,1.3539,1.3512,1.3525,-0.103458478,0.010710796
6/16/2014 10:00,5.2,4.427,1.3526,1.3534,1.3524,1.3529,0.029570489,0.000989135
6/16/2014 11:00,5.175,4.4282,1.3528,1.3543,1.3525,1.3542,0.096043744,0.009225379
6/16/2014 12:00,5.188,4.439,1.3541,1.3544,1.3532,1.3535,-0.0517044,0.002758453
6/16/2014 13:00,5.175,4.4427,1.3535,1.3564,1.3528,1.3554,0.140278365,0.019685629
6/16/2014 14:00,5.15,4.4724,1.3554,1.3563,1.3549,1.3559,0.036882677,0.001747856
6/16/2014 15:00,5.15,4.4751,1.3559,1.3572,1.3557,1.3571,0.088462962,0.007828751
6/16/2014 16:00,5.125,4.4825,1.3571,1.3579,1.3566,1.3576,0.036836483,0.001418216
6/16/2014 17:00,5.125,4.4851,1.3577,1.3578,1.3564,1.357,-0.044205409,0.00195613
6/16/2014 18:00,5.1,4.4893,1.357,1.3572,1.3565,1.3567,-0.022110034,0.00049268
6/16/2014 19:00,5.088,4.4895,1.3567,1.3569,1.3564,1.3567,0,2.43E-07
6/16/2014 20:00,5.075,4.4896,1.3567,1.3573,1.3563,1.3572,0.036847342,0.001357727
6/16/2014 21:00,5.075,4.4905,1.357,1.3573,1.3568,1.3573,0.007367839,5.61E-05
6/16/2014 22:00,5.113,4.4914,1.3573,1.3574,1.357,1.3572,-0.007367839,5.43E-05
6/16/2014 23:00,5.15,4.4914,1.3571,1.3574,1.357,1.3574,0.014735136,0.000217127
6/17/2014 0:00,5.125,4.4914,1.3572,1.3577,1.3569,1.3577,0.022098634,0.00048835
6/17/2014 2:00,5.175,4.4922,1.3574,1.3578,1.3557,1.3559,-0.132665114,0.017600271
6/17/2014 4:00,5.175,4.5174,1.3562,1.3566,1.356,1.3562,0.022123078,0.0007992
6/17/2014 5:00,5.175,4.5175,1.3562,1.3564,1.3555,1.3559,-0.022123078,0.000490069
6/17/2014 6:00,5.162,4.5184,1.3558,1.3562,1.3555,1.3561,0.014749263,0.000217781
6/17/2014 7:00,5.125,4.5191,1.356,1.3567,1.3557,1.3563,0.014747087,0.000217524
6/17/2014 8:00,5.113,4.5191,1.3562,1.3566,1.3551,1.3558,-0.036871797,0.001359577
6/17/2014 9:00,5.037,4.5198,1.3559,1.3579,1.3554,1.3575,0.125308681,0.015704114
6/17/2014 10:00,5,4.5385,1.3574,1.3578,1.3556,1.3562,-0.095810156,0.009426205
6/17/2014 11:00,5,4.5517,1.3562,1.357,1.3557,1.3563,0.007373272,0.000143218
6/17/2014 12:00,5,4.5522,1.3564,1.3571,1.3562,1.3566,0.022116554,0.000489162
6/17/2014 13:00,5.063,4.5523,1.3566,1.3571,1.3535,1.3542,-0.177069546,0.031353863
6/17/2014 14:00,5.05,4.5958,1.3542,1.3551,1.3536,1.3543,0.007384161,0.001037591
6/17/2014 15:00,5.05,4.5959,1.3542,1.3548,1.3535,1.3542,-0.007384161,5.56E-05
6/17/2014 16:00,5.125,4.5959,1.3544,1.3546,1.3538,1.3542,0,3.09E-09
6/17/2014 17:00,5.113,4.5961,1.3542,1.3546,1.3539,1.3544,0.014767777,0.000218087
6/17/2014 19:00,5.125,4.5978,1.3539,1.3543,1.3537,1.3542,-0.014767777,0.000218135
6/17/2014 20:00,5.1,4.5985,1.354,1.3545,1.354,1.3542,0,4.76E-08
6/17/2014 22:00,5.1,4.6003,1.3546,1.3547,1.3541,1.3546,0.029533373,0.00087222
6/17/2014 23:00,5.075,4.5978,1.3545,1.3548,1.3541,1.3546,0,7.61E-07
6/18/2014 0:00,5.113,4.5976,1.3546,1.3548,1.354,1.3548,0.014763416,0.000217958
6/18/2014 1:00,5.125,4.5948,1.3547,1.355,1.3541,1.3548,0,4.75E-08
6/18/2014 2:00,5.1,4.5948,1.3547,1.3549,1.3541,1.3547,-0.007381436,5.45E-05
6/18/2014 3:00,5.075,4.5947,1.3547,1.3548,1.3545,1.3546,-0.007381981,5.45E-05
6/18/2014 7:00,5.1,4.5889,1.3544,1.3546,1.354,1.3542,-0.029533373,0.000872223
6/18/2014 8:00,5.088,4.5891,1.3542,1.3556,1.354,1.3546,0.029533373,0.000872981
6/18/2014 9:00,5.1,4.5863,1.3546,1.3556,1.3544,1.3555,0.066418216,0.004412142
6/18/2014 10:00,5.1,4.5846,1.3552,1.3565,1.3552,1.3557,0.014753615,0.000237136
6/18/2014 11:00,5.075,4.5751,1.3557,1.357,1.3554,1.3565,0.058992701,0.003480195
6/18/2014 12:00,4.988,4.5792,1.3566,1.357,1.356,1.3562,-0.022118185,0.000501326
6/18/2014 13:00,4.95,4.5797,1.3561,1.3572,1.356,1.3569,0.05160149,0.002662965
6/18/2014 14:00,4.925,4.5811,1.3569,1.3576,1.3563,1.3574,0.036841912,0.001364418
6/18/2014 16:00,4.95,4.5828,1.357,1.3573,1.3563,1.3565,-0.066325217,0.004400896
6/18/2014 18:00,4.95,4.5875,1.3574,1.3579,1.3567,1.3575,0.073691971,0.005449874
6/18/2014 19:00,4.8,4.5871,1.3576,1.3599,1.3546,1.3558,-0.125308681,0.015731967
6/18/2014 22:00,4.787,4.6677,1.3595,1.3595,1.3585,1.3587,0.213667423,0.045901262
6/18/2014 23:00,4.775,4.6725,1.3587,1.359,1.3583,1.3586,-0.007360247,0.002161099
6/19/2014 0:00,4.7,4.6724,1.3586,1.359,1.3582,1.3589,0.022079117,0.000487487
6/19/2014 2:00,4.628,4.6718,1.3588,1.359,1.3584,1.3584,-0.036801237,0.001354569
6/19/2014 3:00,4.637,4.6716,1.3586,1.3592,1.3583,1.3591,0.05151794,0.002655933
6/19/2014 4:00,4.65,4.6712,1.3591,1.3592,1.3588,1.3589,-0.014716703,0.000223635
6/19/2014 5:00,4.65,4.6713,1.3589,1.3594,1.3587,1.3594,0.036787699,0.001353385
6/19/2014 6:00,4.6,4.672,1.3593,1.3594,1.3586,1.3588,-0.044146863,0.001950777
6/19/2014 8:00,4.588,4.7281,1.3624,1.3626,1.3611,1.3615,0.198507583,0.039409066
6/19/2014 9:00,4.55,4.7325,1.3614,1.3643,1.3613,1.3636,0.154122815,0.025306917
6/19/2014 10:00,4.575,4.7562,1.3636,1.3642,1.363,1.3635,-0.007333798,0.000694225
6/19/2014 11:00,4.5,4.7459,1.3635,1.3637,1.362,1.3624,-0.080707294,0.006514149
6/19/2014 12:00,4.475,4.7542,1.3624,1.3631,1.3615,1.3616,-0.058737153,0.003492487
6/19/2014 13:00,4.512,4.7578,1.3617,1.3627,1.3615,1.3621,0.036714763,0.001360171
6/19/2014 14:00,4.5,4.7595,1.3622,1.3635,1.3619,1.3631,0.073389112,0.005387812
6/19/2014 15:00,4.475,4.7686,1.3633,1.3639,1.3625,1.3631,0,2.90E-05
6/19/2014 16:00,4.45,4.7671,1.3631,1.3634,1.3614,1.3618,-0.095416353,0.009104281
6/19/2014 17:00,4.438,4.7754,1.3617,1.3622,1.361,1.362,0.014685366,0.000298548
6/19/2014 18:00,4.475,4.7667,1.3618,1.3621,1.3601,1.3606,-0.10284288,0.010576747
6/19/2014 20:00,4.425,4.7794,1.3608,1.3608,1.3599,1.3603,-0.022051527,0.000598137
6/19/2014 22:00,4.475,4.7816,1.3607,1.3609,1.3603,1.3607,0.029400956,0.000864774
6/19/2014 23:00,4.5,4.7816,1.3605,1.3608,1.3603,1.3607,0,7.48E-07
6/20/2014 0:00,4.475,4.7822,1.3608,1.3612,1.3606,1.3609,0.014697237,0.000216009
6/20/2014 1:00,4.475,4.8041,1.3609,1.3616,1.3604,1.3612,0.022041806,0.000485888
6/20/2014 2:00,4.525,4.8049,1.3613,1.3618,1.361,1.3617,0.03672555,0.001349002
6/20/2014 3:00,4.5,4.8056,1.3617,1.3619,1.3615,1.3615,-0.014688602,0.000217575
6/20/2014 4:00,4.5,4.8059,1.3616,1.3622,1.3614,1.3619,0.029375046,0.000862941
6/20/2014 6:00,4.5,4.8087,1.3624,1.3633,1.3623,1.3626,0.051385576,0.002641222
6/20/2014 7:00,4.488,4.8082,1.3625,1.3627,1.3615,1.362,-0.044043163,0.001946776
6/20/2014 8:00,4.5,4.8028,1.362,1.3621,1.3604,1.361,-0.073448406,0.005398458
6/20/2014 9:00,4.5,4.8202,1.3609,1.3613,1.3603,1.361,0,2.91E-05
6/20/2014 10:00,4.488,4.8203,1.3609,1.3611,1.3601,1.3602,-0.058797591,0.003457158
6/20/2014 11:00,4.475,4.8192,1.3602,1.3606,1.3591,1.3593,-0.06618864,0.004392888
6/20/2014 12:00,4.525,4.7919,1.3592,1.3595,1.3582,1.3593,0,1.93E-05
6/20/2014 13:00,4.588,4.7905,1.3592,1.3595,1.3568,1.3573,-0.147242904,0.021680473
6/20/2014 14:00,4.575,4.7971,1.3572,1.3583,1.3563,1.3581,0.058923181,0.003941984
6/20/2014 16:00,4.6,4.805,1.3575,1.359,1.3572,1.3585,0.029448576,0.000882758
6/20/2014 19:00,4.575,4.8038,1.359,1.3596,1.3587,1.3592,0.051514149,0.002654487
6/20/2014 20:00,4.575,4.7995,1.3591,1.3598,1.359,1.3597,0.03677958,0.001359784
6/20/2014 21:00,4.575,4.7963,1.3596,1.36,1.3594,1.3599,0.014708045,0.000218176
6/23/2014 2:00,4.75,4.6691,1.3589,1.3596,1.3586,1.3592,-0.051487626,0.002650976
6/23/2014 3:00,4.725,4.6712,1.3592,1.361,1.3591,1.3606,0.102948755,0.010605474
6/23/2014 4:00,4.725,4.6813,1.3605,1.3608,1.3601,1.3603,-0.022051527,0.000598746
6/23/2014 6:00,4.725,4.6831,1.3607,1.3613,1.3604,1.3607,0.029400956,0.000864775
6/23/2014 7:00,4.675,4.6831,1.3607,1.3613,1.3604,1.3609,0.014697237,0.000216757
6/23/2014 8:00,4.675,4.6832,1.3608,1.3609,1.3588,1.3592,-0.124995421,0.015623902
6/23/2014 9:00,4.713,4.7059,1.3591,1.3593,1.3577,1.358,-0.088326224,0.008045628
6/23/2014 10:00,4.675,4.7144,1.358,1.3584,1.3572,1.3575,-0.036825631,0.001420859
6/23/2014 11:00,4.675,4.7148,1.3575,1.3586,1.3573,1.3585,0.073637706,0.005424531
6/23/2014 12:00,4.675,4.7193,1.3585,1.3595,1.358,1.3593,0.058871147,0.003495237
6/23/2014 13:00,4.65,4.7227,1.359,1.3602,1.359,1.3597,0.029422582,0.000877905
6/23/2014 14:00,4.65,4.7252,1.3597,1.36,1.3581,1.3586,-0.08093294,0.006550911
6/23/2014 15:00,4.675,4.7361,1.3586,1.3596,1.3579,1.3592,0.04415336,0.001992434
6/23/2014 20:00,4.65,4.743,1.3602,1.3605,1.3599,1.36,0.058840837,0.003466214
6/23/2014 22:00,4.675,4.7436,1.3603,1.3605,1.36,1.3602,0.014704801,0.000228246
6/24/2014 0:00,4.725,4.7437,1.36,1.3603,1.3598,1.36,-0.014704801,0.000216231
6/24/2014 1:00,4.725,4.744,1.36,1.3602,1.3597,1.3601,0.007352671,5.41E-05
6/24/2014 4:00,4.7,4.7466,1.3592,1.3597,1.3591,1.3596,-0.036768762,0.001351945
6/24/2014 5:00,4.713,4.7472,1.3596,1.3597,1.3593,1.3595,-0.007355375,5.59E-05
6/24/2014 6:00,4.7,4.7472,1.3595,1.3599,1.3591,1.3594,-0.007355916,5.41E-05
6/24/2014 7:00,4.7,4.7474,1.3593,1.3611,1.3592,1.3611,0.124977043,0.015619264
6/24/2014 8:00,4.7,4.7478,1.3611,1.3612,1.3601,1.3605,-0.044091711,0.00218804
6/24/2014 9:00,4.635,4.7547,1.3604,1.3623,1.3592,1.3622,0.124876058,0.015598817
6/24/2014 10:00,4.65,4.7746,1.3621,1.3627,1.3614,1.362,-0.01468321,0.00045892
6/24/2014 11:00,4.65,4.7749,1.3619,1.3628,1.3615,1.3621,0.007341874,5.41E-05
6/24/2014 12:00,4.6,4.7749,1.3621,1.3627,1.3617,1.3621,0,2.93E-09
6/24/2014 13:00,4.575,4.775,1.3622,1.3623,1.3612,1.3616,-0.036714763,0.001347974
6/24/2014 14:00,4.575,4.7771,1.3616,1.3621,1.3612,1.3616,0,1.82E-06
6/24/2014 15:00,4.825,4.7771,1.3615,1.3617,1.3593,1.3594,-0.161705291,0.026148601
6/24/2014 16:00,4.575,4.8088,1.3595,1.3597,1.3582,1.3587,-0.051506568,0.003336676
6/24/2014 17:00,4.525,4.8131,1.3586,1.359,1.3584,1.3585,-0.014721036,0.000227842
6/24/2014 18:00,4.575,4.8132,1.3585,1.3619,1.3584,1.361,0.183857379,0.033803588
6/24/2014 19:00,4.575,4.8508,1.3609,1.3613,1.3597,1.3601,-0.066149721,0.005518468
6/24/2014 20:00,4.6,4.8551,1.36,1.3604,1.3597,1.3604,0.022054769,0.000516866
6/24/2014 21:00,4.588,4.8499,1.3603,1.3608,1.3601,1.3605,0.007350509,5.43E-05
6/24/2014 22:00,4.6,4.8499,1.3606,1.3609,1.3601,1.3602,-0.022053148,0.000486344
6/24/2014 23:00,4.613,4.8504,1.3601,1.3607,1.3599,1.3604,0.014702639,0.000216404
6/25/2014 0:00,4.625,4.8505,1.3603,1.3606,1.36,1.3605,0.007350509,5.40E-05
6/25/2014 1:00,4.605,4.8508,1.3605,1.3606,1.3601,1.3603,-0.014701558,0.000216139
6/25/2014 2:00,4.625,4.845,1.3602,1.3607,1.36,1.3602,-0.00735159,5.41E-05
6/25/2014 3:00,4.615,4.845,1.3602,1.3604,1.36,1.3602,0,2.93E-09
6/25/2014 5:00,4.6,4.8458,1.3605,1.3608,1.3602,1.3607,0.036752546,0.00135075
6/25/2014 6:00,4.6,4.8458,1.3606,1.361,1.3603,1.3606,-0.007349429,5.58E-05
6/25/2014 7:00,4.588,4.8454,1.3606,1.3619,1.3604,1.3616,0.073469991,0.005397843
6/25/2014 8:00,4.575,4.8504,1.3616,1.3617,1.3609,1.3612,-0.029381519,0.00089241
6/25/2014 9:00,4.575,4.8369,1.3612,1.3615,1.3603,1.3608,-0.029390155,0.000864578
6/25/2014 10:00,4.563,4.8376,1.3608,1.361,1.36,1.3603,-0.036749844,0.001351299
6/25/2014 11:00,4.525,4.8376,1.3603,1.3607,1.3599,1.3603,0,1.83E-06
6/25/2014 13:00,4.488,4.8405,1.361,1.3651,1.3608,1.3642,0.286291258,0.081962684
6/25/2014 14:00,4.488,4.9051,1.3642,1.3646,1.3631,1.3633,-0.065994503,0.011073156
6/25/2014 15:00,4.438,4.9081,1.3635,1.3645,1.3631,1.3633,0,0.000122615
6/25/2014 16:00,4.4,4.9021,1.3632,1.3638,1.363,1.3636,0.022003007,0.000484147
6/25/2014 17:00,4.4,4.902,1.3636,1.3641,1.3632,1.3636,0,2.34E-07
6/25/2014 18:00,4.45,4.9014,1.3637,1.3639,1.3632,1.3635,-0.007333798,5.38E-05
6/25/2014 19:00,4.425,4.9014,1.3635,1.3637,1.3624,1.3628,-0.05135165,0.002636995
6/25/2014 20:00,4.412,4.9057,1.3626,1.3631,1.3624,1.3627,-0.007338103,6.08E-05
6/25/2014 22:00,4.415,4.9055,1.3628,1.3631,1.3625,1.3629,0.014675668,0.000215379
6/25/2014 23:00,4.39,4.9054,1.363,1.3632,1.3627,1.3632,0.022009464,0.000484463
6/26/2014 0:00,4.4,4.9058,1.3631,1.3632,1.3625,1.3627,-0.036685132,0.001345799
6/26/2014 1:00,4.39,4.9031,1.3627,1.3633,1.3625,1.3632,0.036685132,0.00134761
6/26/2014 2:00,4.45,4.8902,1.3632,1.3634,1.3628,1.3629,-0.022009464,0.000486233
6/26/2014 3:00,4.425,4.89,1.3628,1.3634,1.3628,1.3632,0.022009464,0.000484653
6/26/2014 4:00,4.425,4.8916,1.3633,1.3636,1.3631,1.3633,0.007335412,5.40E-05
6/26/2014 5:00,4.438,4.8892,1.3632,1.3634,1.363,1.3632,-0.007335412,5.38E-05
6/26/2014 6:00,4.425,4.889,1.3631,1.3637,1.363,1.3637,0.036671679,0.001344815
6/26/2014 7:00,4.4,4.8908,1.3637,1.3641,1.3631,1.3635,-0.014667058,0.000216931
6/26/2014 8:00,4.378,4.8911,1.3634,1.3637,1.3621,1.3623,-0.088047551,0.007752418
6/26/2014 9:00,4.45,4.8998,1.3623,1.3625,1.361,1.3622,-0.007340796,0.000113987
6/26/2014 10:00,4.463,4.8992,1.3622,1.3624,1.3609,1.3614,-0.058745779,0.00345108
6/26/2014 11:00,4.45,4.9055,1.3614,1.362,1.3611,1.3613,-0.00734565,6.59E-05
6/26/2014 12:00,4.425,4.9057,1.3615,1.3615,1.3604,1.3608,-0.036736344,0.001349563
6/26/2014 13:00,4.425,4.9057,1.3607,1.3613,1.3595,1.3596,-0.088222326,0.007785
6/26/2014 14:00,4.5,4.9158,1.3598,1.3604,1.3574,1.3587,-0.066217859,0.004445411
6/26/2014 15:00,4.45,4.9204,1.3587,1.3596,1.3581,1.3588,0.007359706,7.39E-05
6/26/2014 16:00,4.438,4.8837,1.3587,1.3617,1.3586,1.3609,0.154428828,0.023848268
6/26/2014 17:00,4.438,4.9108,1.3609,1.3616,1.3606,1.3611,0.014695077,0.000784685
6/26/2014 20:00,4.438,4.8937,1.3607,1.3609,1.3605,1.3609,-0.014695077,0.000216561
6/26/2014 21:00,4.425,4.8939,1.3607,1.3614,1.3606,1.3611,0.014695077,0.000215992
6/26/2014 22:00,4.475,4.8947,1.3609,1.3613,1.3607,1.361,-0.007347269,5.40E-05
6/26/2014 23:00,4.5,4.8947,1.3611,1.3614,1.3609,1.3613,0.022040187,0.000485773
6/30/2014 2:00,4.525,4.7599,1.3644,1.3647,1.3641,1.3645,0.234793563,0.055128017
6/30/2014 3:00,4.575,4.7599,1.3645,1.3647,1.3642,1.3644,-0.00732896,0.003092812
6/30/2014 4:00,4.525,4.76,1.3643,1.3645,1.3641,1.3644,0,9.57E-06
6/30/2014 6:00,4.512,4.7601,1.3645,1.3645,1.3639,1.364,-0.029321214,0.000859734
6/30/2014 7:00,4.55,4.7615,1.3641,1.3653,1.3638,1.3639,-0.007331647,5.45E-05
6/30/2014 8:00,4.525,4.7615,1.3641,1.3659,1.3639,1.365,0.080618569,0.006499357
6/30/2014 9:00,4.463,4.7683,1.3648,1.3656,1.3648,1.3656,0.043946386,0.001973526
6/30/2014 10:00,4.475,4.7694,1.3654,1.3662,1.3647,1.3653,-0.021970779,0.00048661
6/30/2014 11:00,4.45,4.7697,1.3652,1.3657,1.3647,1.365,-0.021975607,0.000483164
6/30/2014 12:00,4.387,4.77,1.365,1.3659,1.3648,1.3656,0.043946386,0.001931518
6/30/2014 13:00,4.325,4.7721,1.3656,1.3661,1.3645,1.3659,0.021965953,0.000486234
6/30/2014 14:00,4.325,4.7725,1.3659,1.3664,1.3653,1.3663,0.029280434,0.00085758
6/30/2014 15:00,4.338,4.7742,1.3662,1.3691,1.3655,1.369,0.197418994,0.038974995
6/30/2014 16:00,4.287,4.82,1.3691,1.3697,1.3683,1.369,0,0.00151905
6/30/2014 17:00,4.325,4.82,1.369,1.3691,1.3685,1.369,0,2.31E-06
6/30/2014 19:00,4.3,4.8204,1.3692,1.3695,1.3689,1.3694,0.02921414,0.000853466
6/30/2014 20:00,4.3,4.8206,1.3694,1.3695,1.3689,1.3692,-0.014606003,0.000214064
6/30/2014 22:00,4.313,4.8209,1.3691,1.3694,1.369,1.3692,0,4.58E-08
6/30/2014 23:00,4.313,4.821,1.3693,1.3695,1.3689,1.3692,0,2.10E-15
7/1/2014 0:00,4.3,4.8212,1.3691,1.3693,1.3688,1.369,-0.014608137,0.000213398
7/1/2014 1:00,4.4,4.8212,1.3691,1.3693,1.3687,1.3692,0.014608137,0.000213443
7/1/2014 2:00,4.387,4.8212,1.3693,1.3693,1.3688,1.3692,0,4.56E-08
7/1/2014 5:00,4.425,4.8225,1.3686,1.369,1.3682,1.3685,-0.051137818,0.002615076
7/1/2014 6:00,4.425,4.8226,1.3684,1.3686,1.368,1.3683,-0.014615609,0.000220455
7/1/2014 7:00,4.4,4.8229,1.3683,1.3686,1.3676,1.3682,-0.007308606,5.35E-05
7/1/2014 8:00,4.4,4.8229,1.3682,1.3694,1.368,1.3691,0.065758231,0.004324148
7/1/2014 9:00,4.35,4.8304,1.3691,1.3693,1.3683,1.3687,-0.029220542,0.000872538
7/1/2014 10:00,4.325,4.8312,1.3688,1.3697,1.3678,1.3693,0.043827612,0.001921621
7/1/2014 11:00,4.3,4.8323,1.3693,1.3696,1.3685,1.3689,-0.029216274,0.000857283
7/1/2014 12:00,4.3,4.8339,1.3689,1.3694,1.3682,1.3687,-0.014611338,0.000214226
7/1/2014 13:00,4.275,4.834,1.3686,1.369,1.368,1.3683,-0.029229083,0.000854385
7/1/2014 14:00,4.313,4.8351,1.3682,1.3689,1.368,1.3683,0,7.30E-07
7/1/2014 15:00,4.275,4.8351,1.3683,1.37,1.3674,1.368,-0.02192742,0.000480812
7/1/2014 16:00,4.25,4.8362,1.3679,1.3688,1.3677,1.3679,-0.007310209,5.37E-05
7/1/2014 17:00,4.23,4.8362,1.368,1.3693,1.3678,1.3691,0.087687254,0.007689057
7/1/2014 19:00,4.225,4.8497,1.3681,1.3684,1.3676,1.3679,-0.087687254,0.007748176
7/1/2014 20:00,4.213,4.8503,1.3679,1.368,1.3674,1.3678,-0.007310743,0.000113481
7/1/2014 22:00,4.3,4.8439,1.3677,1.368,1.3675,1.3679,0.007310743,5.35E-05
7/2/2014 0:00,4.25,4.8355,1.3678,1.3682,1.3677,1.368,0.007310209,5.34E-05
7/2/2014 1:00,4.29,4.833,1.3679,1.3681,1.3676,1.3677,-0.021932229,0.000481026
7/2/2014 2:00,4.3,4.8304,1.3677,1.3679,1.3673,1.3676,-0.007311812,5.37E-05
7/2/2014 3:00,4.287,4.8302,1.3675,1.3678,1.3674,1.3677,0.007311812,5.35E-05
7/2/2014 4:00,4.3,4.8297,1.3677,1.3679,1.3675,1.3676,-0.007311812,5.35E-05
7/2/2014 6:00,4.287,4.8321,1.3671,1.3674,1.3666,1.3669,-0.051197661,0.002621203
7/2/2014 7:00,4.3,4.8305,1.367,1.3682,1.3668,1.3677,0.058509473,0.003430229
7/2/2014 8:00,4.3,4.8347,1.3678,1.3679,1.3667,1.3671,-0.043878895,0.001937124
7/2/2014 9:00,4.325,4.7967,1.3671,1.3671,1.3654,1.3655,-0.117104602,0.01371724
7/2/2014 10:00,4.325,4.8058,1.3655,1.3665,1.3654,1.3659,0.02928901,0.001046009
7/2/2014 11:00,4.325,4.8054,1.3662,1.3666,1.3658,1.3662,0.021961129,0.000483385
7/2/2014 12:00,4.275,4.8032,1.3663,1.3668,1.3659,1.3667,0.036591167,0.001339147
7/2/2014 13:00,4.275,4.8041,1.3667,1.3669,1.364,1.3646,-0.153772959,0.023647916
7/2/2014 14:00,4.262,4.825,1.3647,1.3654,1.3642,1.3653,0.051283931,0.003189266
7/2/2014 15:00,4.238,4.8223,1.3653,1.3659,1.3647,1.3654,0.007324129,6.38E-05
7/2/2014 16:00,4.213,4.821,1.3652,1.3658,1.3647,1.3655,0.007323593,5.36E-05
7/2/2014 17:00,4.225,4.8211,1.3656,1.3656,1.3645,1.3652,-0.021972388,0.000482789
7/2/2014 18:00,4.2,4.8163,1.3652,1.3655,1.3649,1.3655,0.021972388,0.000483019
7/2/2014 19:00,4.2,4.8138,1.3653,1.3657,1.3652,1.3655,0,2.33E-07
7/2/2014 20:00,4.19,4.811,1.3653,1.3657,1.3652,1.3652,-0.021972388,0.000482786
7/2/2014 22:00,4.2,4.8123,1.3658,1.3659,1.3654,1.3656,0.029295445,0.000858456
7/2/2014 23:00,4.2,4.8126,1.3656,1.3658,1.3653,1.3656,0,7.37E-07
7/3/2014 0:00,4.275,4.8126,1.3656,1.3657,1.365,1.3652,-0.029295445,0.000858223
7/3/2014 2:00,4.325,4.8109,1.3653,1.3655,1.3648,1.3655,0.021972388,0.000483522
7/3/2014 5:00,4.275,4.8124,1.3648,1.365,1.3646,1.3649,-0.043949605,0.001931802
7/3/2014 6:00,4.275,4.8122,1.3648,1.3653,1.3646,1.3648,-0.007326812,5.74E-05
7/3/2014 7:00,4.275,4.8123,1.3647,1.3658,1.3643,1.3655,0.051276418,0.002629274
7/3/2014 8:00,4.225,4.8166,1.3655,1.3664,1.3653,1.3662,0.051250138,0.00263349
7/3/2014 9:00,4.213,4.819,1.366,1.3662,1.365,1.3654,-0.058573731,0.003437817
7/3/2014 10:00,4.188,4.8143,1.3653,1.3657,1.3649,1.3653,-0.007324129,6.55E-05
7/3/2014 11:00,4.175,4.7969,1.3652,1.3655,1.3647,1.365,-0.021975607,0.000482932
7/3/2014 12:00,4.15,4.7962,1.3651,1.3654,1.3647,1.3651,0.007325739,5.39E-05
7/3/2014 13:00,4.012,4.7776,1.3651,1.3653,1.3601,1.3603,-0.352242237,0.124074596
7/3/2014 14:00,4.025,4.9264,1.3603,1.3618,1.3595,1.3604,0.007351049,0.015448543
7/3/2014 15:00,4,4.9264,1.3602,1.362,1.3601,1.3609,0.036747143,0.00158901
7/3/2014 16:00,4.012,4.9069,1.3609,1.3612,1.3601,1.3609,0,2.52E-06
7/3/2014 17:00,4.025,4.9058,1.3609,1.3611,1.3601,1.3602,-0.051449782,0.00264708
7/3/2014 19:00,4.025,4.905,1.3607,1.361,1.3604,1.3609,0.051449782,0.002654087
7/4/2014 0:00,4.075,4.8994,1.361,1.361,1.3606,1.3608,-0.007348348,5.40E-05
7/4/2014 1:00,4.05,4.8963,1.3606,1.3609,1.3602,1.3605,-0.022048286,0.00048613
7/4/2014 6:00,4.025,4.8955,1.3607,1.361,1.3603,1.3604,-0.007350509,5.43E-05
7/4/2014 7:00,4.025,4.8949,1.3602,1.3605,1.3596,1.3601,-0.022054769,0.000486416
7/4/2014 8:00,4,4.8899,1.3601,1.3604,1.3588,1.3592,-0.066193508,0.004381817
7/4/2014 9:00,4.1,4.896,1.359,1.3592,1.3584,1.3586,-0.04415336,0.00196872
7/4/2014 10:00,4.1,4.8965,1.3586,1.3593,1.3585,1.3588,0.014719953,0.000220553
7/4/2014 11:00,4.125,4.8963,1.3588,1.3592,1.3586,1.3588,0,4.86E-08
7/4/2014 12:00,4.125,4.8935,1.3588,1.3595,1.3585,1.359,0.014717786,0.000216613
7/4/2014 14:00,4.125,4.8922,1.3586,1.359,1.3584,1.3588,-0.014717786,0.00021666
7/4/2014 15:00,4.1,4.886,1.3588,1.359,1.3585,1.3588,0,4.69E-08
7/4/2014 17:00,4.125,4.8932,1.3598,1.36,1.3591,1.3594,0.044146863,0.001948946
7/4/2014 19:00,4.125,4.8857,1.3592,1.3594,1.3589,1.3592,-0.014713455,0.000220284
7/7/2014 3:00,4.525,4.2538,1.3582,1.3587,1.3581,1.3583,-0.066237353,0.004387387
7/7/2014 4:00,4.512,4.254,1.3583,1.3585,1.3582,1.3583,0,1.92E-05
7/7/2014 5:00,4.512,4.254,1.3584,1.3585,1.3579,1.3583,0,3.71E-10
7/7/2014 6:00,4.475,4.254,1.3582,1.3585,1.358,1.3582,-0.007362415,5.42E-05
7/7/2014 7:00,4.475,4.254,1.3582,1.3584,1.3574,1.3578,-0.029455081,0.000867605
7/7/2014 8:00,4.525,4.2556,1.3579,1.3588,1.3577,1.3585,0.0515407,0.002657196
7/7/2014 9:00,4.475,4.2589,1.3585,1.3601,1.3584,1.3599,0.103001775,0.010616426
7/7/2014 10:00,4.5,4.2719,1.3599,1.3599,1.3593,1.3594,-0.03677417,0.001465048
7/7/2014 11:00,4.5,4.2724,1.3596,1.3596,1.3584,1.3595,0.007355916,5.63E-05
7/7/2014 12:00,4.475,4.2724,1.3596,1.3601,1.3592,1.3596,0.007355375,5.41E-05
7/7/2014 13:00,4.45,4.2725,1.3594,1.36,1.359,1.3592,-0.029424746,0.000865819
7/7/2014 14:00,4.425,4.2731,1.3591,1.3601,1.359,1.3595,0.022069371,0.000487807
7/7/2014 15:00,4.4,4.2738,1.3594,1.36,1.3591,1.3595,0,2.38E-07
7/7/2014 16:00,4.42,4.2738,1.3595,1.3606,1.3593,1.3602,0.051476267,0.002649806
7/7/2014 17:00,4.42,4.2776,1.3601,1.3609,1.36,1.3605,0.022053148,0.000493363
7/7/2014 19:00,4.438,4.2781,1.3603,1.3608,1.3601,1.3606,0.007349969,5.43E-05
7/7/2014 20:00,4.4,4.2784,1.3606,1.3609,1.3603,1.3605,-0.007349969,5.40E-05
7/7/2014 22:00,4.4,4.2788,1.3604,1.3606,1.3601,1.3605,0,2.92E-09
7/8/2014 0:00,4.425,4.279,1.3607,1.3609,1.3602,1.3605,0,0
7/8/2014 1:00,4.43,4.279,1.3605,1.3609,1.3604,1.3605,0,0
7/8/2014 2:00,4.39,4.279,1.3604,1.3608,1.3602,1.3605,0,0
7/8/2014 6:00,4.375,4.2802,1.3602,1.3605,1.3599,1.3601,-0.029405278,0.00086467
7/8/2014 7:00,4.375,4.2807,1.36,1.3604,1.3591,1.3594,-0.051480053,0.002650944
7/8/2014 8:00,4.45,4.2844,1.3594,1.3599,1.3587,1.3591,-0.022070995,0.000494156
7/8/2014 9:00,4.45,4.2854,1.359,1.3604,1.3587,1.3601,0.073551048,0.005410001
7/8/2014 10:00,4.45,4.2923,1.3599,1.3602,1.3592,1.3592,-0.066193508,0.004410849
7/8/2014 11:00,4.5,4.2966,1.3591,1.3595,1.3589,1.3593,0.007356998,7.36E-05
7/8/2014 12:00,4.475,4.2966,1.3593,1.3598,1.359,1.3594,0.007356457,5.41E-05
7/8/2014 13:00,4.475,4.2968,1.3594,1.3597,1.3587,1.3597,0.022066125,0.000486917
7/8/2014 14:00,4.488,4.2975,1.3597,1.3617,1.3593,1.3612,0.110257647,0.012156986
7/8/2014 15:00,4.463,4.3158,1.3612,1.3617,1.3606,1.3613,0.007346189,0.000201759
7/8/2014 16:00,4.45,4.3159,1.3613,1.3615,1.3609,1.3614,0.00734565,5.40E-05
7/8/2014 17:00,4.438,4.3159,1.3614,1.3616,1.3605,1.3606,-0.05878031,0.003455128
7/8/2014 18:00,4.425,4.3196,1.3607,1.3613,1.3605,1.3612,0.044088472,0.001955731
7/8/2014 19:00,4.45,4.3215,1.3611,1.3613,1.3608,1.3611,-0.007346729,5.78E-05
7/8/2014 20:00,4.425,4.3216,1.3609,1.3612,1.3608,1.3611,0,3.34E-09
7/8/2014 22:00,4.45,4.3209,1.3611,1.3614,1.3608,1.3611,0,1.12E-17
7/8/2014 23:00,4.425,4.3197,1.3611,1.3613,1.3608,1.3611,0,1.25E-34
7/9/2014 0:00,4.45,4.3196,1.3611,1.3616,1.3609,1.3616,0.036728248,0.001348964
7/9/2014 2:00,4.425,4.3191,1.3614,1.3616,1.3611,1.3613,-0.02203533,0.000487375
7/9/2014 4:00,4.4,4.3198,1.361,1.3615,1.3609,1.3612,-0.007346189,5.42E-05
7/9/2014 6:00,4.53,4.3212,1.3617,1.3619,1.3612,1.3616,0.029381519,0.000863277
7/9/2014 7:00,4.5,4.3212,1.3616,1.363,1.3614,1.3617,0.007344031,5.47E-05
7/9/2014 8:00,4.5,4.2938,1.3617,1.3622,1.3611,1.3614,-0.022033712,0.000485487
7/9/2014 9:00,4.5,4.2736,1.3614,1.3617,1.3608,1.3612,-0.014691839,0.000216086
7/9/2014 10:00,4.512,4.2576,1.3612,1.3614,1.3607,1.3613,0.007346189,5.40E-05
7/9/2014 11:00,4.5,4.2426,1.3613,1.3614,1.3609,1.361,-0.022040187,0.000485773
7/9/2014 12:00,4.475,4.2418,1.3612,1.3612,1.3601,1.3604,-0.044094952,0.001944601
7/9/2014 13:00,4.5,4.2362,1.3603,1.3609,1.36,1.3604,0,3.78E-06
7/9/2014 15:00,4.475,4.2093,1.3617,1.3642,1.3615,1.3639,0.25694688,0.066021699
7/9/2014 16:00,4.45,4.2408,1.3637,1.364,1.3627,1.3631,-0.058672536,0.007801331
7/9/2014 17:00,4.475,4.2458,1.3628,1.3631,1.3623,1.3626,-0.036687824,0.001406857
7/9/2014 19:00,4.425,4.2479,1.3619,1.3647,1.361,1.3646,0.146670604,0.021514245
7/9/2014 21:00,4.425,4.2949,1.3641,1.3644,1.3638,1.3644,-0.014657384,0.000677702
7/9/2014 22:00,4.425,4.2937,1.3643,1.3645,1.3638,1.364,-0.029321214,0.000860193
7/9/2014 23:00,4.412,4.2937,1.3641,1.3642,1.3637,1.364,0,7.40E-07
7/10/2014 0:00,4.375,4.2936,1.3639,1.3643,1.3637,1.3643,0.021991717,0.000483636
7/10/2014 2:00,4.35,4.2947,1.3644,1.3649,1.3643,1.3646,0.021986881,0.000483657
7/10/2014 5:00,4.325,4.2958,1.3644,1.3647,1.3643,1.3646,0,2.34E-07
7/10/2014 7:00,4.3,4.2945,1.3644,1.365,1.3632,1.3633,-0.095311419,0.009084267
7/10/2014 8:00,4.287,4.2978,1.3633,1.3638,1.363,1.3632,-0.007335412,0.000136332
7/10/2014 9:00,4.275,4.2955,1.3633,1.3636,1.3629,1.3633,0.007335412,5.38E-05
7/10/2014 10:00,4.25,4.2003,1.3633,1.3637,1.3622,1.3623,-0.073378342,0.005384384
7/10/2014 11:00,4.325,4.1918,1.3623,1.3628,1.3613,1.3613,-0.073432225,0.005421283
7/10/2014 12:00,4.375,4.1993,1.3613,1.3619,1.3601,1.3605,-0.05878463,0.003485023
7/10/2014 13:00,4.4,4.2056,1.3605,1.3615,1.36,1.3611,0.044091711,0.001956224
7/10/2014 14:00,4.412,4.2088,1.3611,1.3613,1.3601,1.3602,-0.06614486,0.004378969
7/10/2014 15:00,4.45,4.2102,1.3602,1.3603,1.3588,1.36,-0.014704801,0.000235407
7/10/2014 16:00,4.45,4.2039,1.3599,1.3606,1.3596,1.3599,-0.007353212,5.41E-05
7/10/2014 17:00,4.4,4.2036,1.3599,1.36,1.3588,1.3595,-0.029418254,0.000865437
7/10/2014 18:00,4.4,4.2027,1.3595,1.3603,1.3594,1.36,0.036771466,0.00135289
7/10/2014 19:00,4.4,4.196,1.3599,1.3604,1.3592,1.3601,0.007352671,5.59E-05
7/10/2014 21:00,4.45,4.1949,1.3607,1.361,1.3604,1.3609,0.058801913,0.003457668
7/10/2014 22:00,4.45,4.1948,1.3608,1.3613,1.3604,1.3606,-0.022046666,0.000498011
7/10/2014 23:00,4.488,4.1952,1.3605,1.3609,1.3603,1.3606,0,2.48E-07
7/11/2014 0:00,4.512,4.1952,1.3604,1.3606,1.3598,1.3603,-0.022051527,0.00048627
7/11/2014 1:00,4.475,4.1941,1.3603,1.3604,1.3594,1.3597,-0.044117648,0.001946603
7/11/2014 4:00,4.5,4.191,1.3601,1.3605,1.36,1.3602,0.036766058,0.001355532
7/11/2014 6:00,4.5,4.1877,1.3599,1.36,1.3594,1.3598,-0.029411765,0.000866889
7/11/2014 7:00,4.5,4.1765,1.3598,1.3606,1.3597,1.3603,0.036763355,0.001352296
7/11/2014 8:00,4.425,4.1765,1.3602,1.3612,1.36,1.3604,0.007351049,5.59E-05
7/11/2014 9:00,4.4,4.1765,1.3604,1.3624,1.3603,1.3611,0.05144222,0.002646305
7/11/2014 10:00,4.375,4.1641,1.361,1.3613,1.3603,1.3603,-0.05879327,0.003463652
7/11/2014 11:00,4.35,4.1653,1.3604,1.361,1.3601,1.3603,0,1.20E-05
7/11/2014 12:00,4.35,4.165,1.3603,1.3609,1.3599,1.3606,0.022051527,0.00048627
7/11/2014 13:00,4.375,4.1451,1.3605,1.3607,1.3592,1.3597,-0.066169175,0.004378596
7/11/2014 15:00,4.338,4.1473,1.3604,1.3608,1.3596,1.3598,0.007354293,7.33E-05
7/11/2014 16:00,4.325,4.1488,1.3597,1.36,1.3593,1.3597,-0.007354293,5.41E-05
7/11/2014 17:00,4.325,4.1488,1.3597,1.3604,1.3595,1.3603,0.044117648,0.00194637
7/11/2014 18:00,4.3,4.1505,1.3603,1.3606,1.3599,1.3605,0.014701558,0.000219924
7/11/2014 19:00,4.302,4.1494,1.3604,1.3609,1.3602,1.3608,0.022048286,0.000486175
7/14/2014 2:00,4.525,3.942,1.3597,1.3601,1.3596,1.36,-0.058806235,0.003458173
7/14/2014 3:00,4.525,3.9423,1.3598,1.3604,1.3598,1.3603,0.022056391,0.000498443
7/14/2014 4:00,4.512,3.9428,1.3603,1.3604,1.36,1.3603,0,2.48E-07
7/14/2014 5:00,4.525,3.9428,1.3602,1.3605,1.3601,1.3604,0.007351049,5.40E-05
7/14/2014 6:00,4.525,3.9429,1.3603,1.3608,1.36,1.3603,-0.007351049,5.40E-05
7/14/2014 7:00,4.5,3.9429,1.3602,1.3611,1.3596,1.3607,0.029400956,0.000864419
7/14/2014 8:00,4.45,3.9439,1.3606,1.3639,1.3603,1.3634,0.198230673,0.039296147
7/14/2014 9:00,4.45,4.0063,1.3633,1.3636,1.3626,1.3628,-0.044017314,0.003481711
7/14/2014 10:00,4.45,4.0092,1.3627,1.363,1.3618,1.3621,-0.051378033,0.002651825
7/14/2014 11:00,4.375,4.0138,1.362,1.3629,1.3619,1.3624,0.02202239,0.000492018
7/14/2014 12:00,4.375,4.0148,1.3624,1.363,1.3622,1.3626,0.014678899,0.000215712
7/14/2014 13:00,4.275,4.0152,1.3627,1.3631,1.3621,1.3622,-0.029359953,0.000862053
7/14/2014 14:00,4.262,4.0165,1.3622,1.3623,1.3615,1.3618,-0.029368576,0.000863256
7/14/2014 15:00,4.247,4.0185,1.3617,1.3627,1.3617,1.3625,0.051389349,0.00264161
7/14/2014 16:00,4.238,4.0237,1.3626,1.3628,1.3618,1.3619,-0.044046396,0.001947063
7/14/2014 17:00,4.225,4.0272,1.3618,1.362,1.3608,1.3611,-0.058758724,0.003456379
7/14/2014 18:00,4.2,4.0324,1.361,1.3615,1.3607,1.3611,0,1.19E-05
7/14/2014 20:00,4.262,4.0358,1.3618,1.3621,1.3616,1.3617,0.044072279,0.001942366
7/15/2014 0:00,4.262,4.0362,1.3619,1.3622,1.3618,1.3621,0.029370732,0.00086264
7/15/2014 1:00,4.275,4.0363,1.3621,1.3622,1.3616,1.3619,-0.014684288,0.000216372
7/15/2014 2:00,4.25,4.0368,1.3619,1.3626,1.3616,1.3623,0.02936642,0.000862433
7/15/2014 6:00,4.3,4.0478,1.3619,1.3619,1.3615,1.3618,-0.036709372,0.001348322
7/15/2014 7:00,4.25,4.048,1.3618,1.3619,1.3604,1.361,-0.05876304,0.003454913
7/15/2014 8:00,4.238,4.0531,1.361,1.3621,1.3604,1.3618,0.05876304,0.003465031
7/15/2014 9:00,4.2,4.0597,1.3618,1.3627,1.36,1.3604,-0.102857992,0.010591773
7/15/2014 10:00,4.285,4.0755,1.3604,1.3605,1.3586,1.3596,-0.058823531,0.003572393
7/15/2014 11:00,4.273,4.08,1.3597,1.3608,1.3591,1.3605,0.06617404,0.004391766
7/15/2014 12:00,4.275,4.0852,1.3605,1.3621,1.3603,1.3618,0.095507483,0.009140967
7/15/2014 13:00,4.275,4.0998,1.3619,1.3619,1.3599,1.3604,-0.102857992,0.010663324
7/15/2014 14:00,4.25,4.1155,1.3603,1.3607,1.3588,1.3592,-0.088248278,0.007901465
7/15/2014 15:00,4.275,4.129,1.3591,1.3612,1.356,1.3568,-0.176730532,0.031296114
7/15/2014 16:00,4.325,4.171,1.3567,1.358,1.3562,1.3573,0.036844627,0.002336973
7/15/2014 17:00,4.3,4.172,1.3573,1.3576,1.3565,1.3567,-0.044215181,0.001960444
7/15/2014 18:00,4.3,4.1736,1.3567,1.3571,1.3565,1.3568,0.007370555,5.82E-05
7/15/2014 20:00,4.275,4.1736,1.3569,1.3569,1.3563,1.3566,-0.014741653,0.00021732
7/15/2014 22:00,4.3,4.1691,1.3567,1.3574,1.3565,1.3568,0.014741653,0.000217364
7/15/2014 23:00,4.3,4.1685,1.3568,1.3571,1.3565,1.3567,-0.007370555,5.44E-05
7/16/2014 0:00,4.262,4.1657,1.3568,1.3571,1.3565,1.357,0.022110034,0.000488854
7/16/2014 2:00,4.313,4.1628,1.3568,1.357,1.3563,1.3567,-0.022110034,0.000489093
7/16/2014 3:00,4.3,4.1604,1.3566,1.3569,1.3562,1.3563,-0.029487652,0.000869761
7/16/2014 4:00,4.3,4.1612,1.3562,1.3565,1.356,1.3563,0,7.56E-07
7/16/2014 7:00,4.35,4.1612,1.356,1.3568,1.3556,1.3559,-0.02949635,0.000870035
7/16/2014 8:00,4.512,4.1567,1.3559,1.3561,1.355,1.3553,-0.044260845,0.001959779
7/16/2014 9:00,4.575,4.1466,1.3554,1.3555,1.354,1.3543,-0.073811636,0.005451998
7/16/2014 10:00,4.675,4.1572,1.3543,1.3543,1.3532,1.3535,-0.059088561,0.003521182
7/16/2014 11:00,4.7,4.1604,1.3535,1.354,1.3528,1.3532,-0.022167215,0.000503784
7/16/2014 12:00,4.675,4.1494,1.3532,1.3538,1.353,1.3537,0.036942629,0.001365012
7/16/2014 13:00,4.713,4.1464,1.3537,1.3537,1.3524,1.3527,-0.07389891,0.005462912
7/16/2014 14:00,4.725,4.1195,1.3528,1.3535,1.3524,1.3529,0.014784151,0.000248415
7/16/2014 15:00,4.6,4.1168,1.3528,1.3541,1.3526,1.3535,0.044339345,0.001966039
7/16/2014 16:00,4.55,4.1108,1.3535,1.3536,1.3525,1.3528,-0.051731147,0.002679977
7/16/2014 17:00,4.575,4.1103,1.3529,1.353,1.3524,1.3526,-0.014785244,0.000225786
7/16/2014 18:00,4.563,4.1059,1.3526,1.3529,1.352,1.3522,-0.029577048,0.000874853
7/16/2014 20:00,4.55,4.109,1.3521,1.3525,1.3519,1.3525,0.022183606,0.000492878
7/16/2014 22:00,4.563,4.1075,1.3524,1.3526,1.3521,1.3525,0,2.43E-07
7/16/2014 23:00,4.525,4.1074,1.3524,1.3526,1.3521,1.3525,0,5.90E-14
7/17/2014 0:00,4.55,4.1074,1.3524,1.3529,1.3523,1.3526,0.007393442,5.47E-05
7/17/2014 2:00,4.488,4.107,1.3528,1.3532,1.3525,1.353,0.029568303,0.000874288
7/17/2014 4:00,4.5,4.0804,1.3528,1.353,1.3526,1.3527,-0.022175408,0.000492513
7/17/2014 6:00,4.525,4.0794,1.3526,1.3527,1.352,1.3522,-0.036969944,0.001367019
7/17/2014 7:00,4.575,4.0811,1.3522,1.3527,1.3519,1.3526,0.029577048,0.000876671
7/17/2014 8:00,4.525,4.0831,1.3526,1.3536,1.3523,1.3532,0.044349177,0.001967618
7/17/2014 9:00,4.5,4.0858,1.3532,1.3536,1.3528,1.3531,-0.007390164,5.85E-05
7/17/2014 10:00,4.5,4.0656,1.3531,1.354,1.3529,1.3531,0,3.42E-09
7/17/2014 11:00,4.525,4.0508,1.353,1.3533,1.3526,1.3528,-0.022173769,0.000491676
7/17/2014 12:00,4.5,4.0513,1.3528,1.353,1.3523,1.3527,-0.007392349,5.49E-05
7/17/2014 13:00,4.475,4.0516,1.3525,1.3534,1.3522,1.3533,0.044345899,0.001966562
7/17/2014 14:00,4.35,4.0083,1.3533,1.3534,1.3523,1.3527,-0.044345899,0.001970426
7/17/2014 15:00,4.35,4.0103,1.3527,1.353,1.3515,1.3517,-0.073953561,0.005473012
7/17/2014 16:00,4.375,4.0221,1.3517,1.3529,1.3516,1.3528,0.081345909,0.006647111
7/17/2014 17:00,4.375,4.0319,1.3527,1.3533,1.3515,1.3524,-0.029572675,0.000918727
7/17/2014 18:00,4.35,4.0329,1.3524,1.3528,1.3519,1.3524,0,8.44E-07
7/17/2014 19:00,4.375,4.0312,1.3523,1.3528,1.352,1.3525,0.007393989,5.47E-05
7/17/2014 20:00,4.438,4.031,1.3525,1.3529,1.3523,1.3525,0,2.99E-09
7/17/2014 22:00,4.475,4.0291,1.3525,1.3528,1.3521,1.3526,0.007393442,5.47E-05
7/18/2014 0:00,4.55,4.0298,1.3521,1.3523,1.3511,1.3518,-0.059162847,0.003500242
7/18/2014 2:00,4.575,4.0321,1.3521,1.3523,1.3516,1.352,0.014793994,0.000231114
7/18/2014 3:00,4.6,4.0326,1.352,1.3528,1.3518,1.3525,0.036975412,0.001367235
7/18/2014 5:00,4.625,4.0343,1.3527,1.3528,1.3523,1.3525,0,1.87E-06
7/18/2014 6:00,4.613,4.0348,1.3525,1.3525,1.3518,1.3521,-0.029579236,0.000874931
7/18/2014 7:00,4.475,4.0357,1.352,1.3527,1.3518,1.3521,0,7.66E-07
7/18/2014 8:00,4.412,4.0355,1.3521,1.3533,1.3519,1.353,0.066540981,0.004427702
7/18/2014 9:00,4.375,4.0409,1.3531,1.3535,1.3527,1.3533,0.022170491,0.000511135
7/18/2014 10:00,4.35,4.0366,1.3533,1.3533,1.352,1.3522,-0.081315843,0.006612528
7/18/2014 11:00,4.325,4.0449,1.3522,1.3526,1.3519,1.3522,0,4.37E-05
7/18/2014 12:00,4.325,4.0383,1.352,1.353,1.3519,1.3527,0.036969944,0.001366779
7/18/2014 13:00,4.287,4.039,1.3525,1.353,1.3516,1.3516,-0.081351926,0.006620004
7/18/2014 14:00,4.425,4.0441,1.3517,1.352,1.349,1.3507,-0.066609927,0.004480707
7/18/2014 15:00,4.412,4.0491,1.3506,1.3519,1.3505,1.3509,0.014806041,0.000239296
7/18/2014 16:00,4.375,4.0485,1.3508,1.3515,1.3503,1.3514,0.037005514,0.001369465
7/18/2014 17:00,4.375,4.0481,1.3514,1.3518,1.351,1.3518,0.029594555,0.000877713
7/18/2014 18:00,4.3,4.0428,1.3516,1.353,1.3515,1.3527,0.066555743,0.004430437
7/18/2014 19:00,4.325,4.0501,1.3526,1.353,1.3522,1.3526,-0.007392895,7.43E-05
7/18/2014 20:00,4.35,4.0238,1.3526,1.3527,1.3522,1.3526,0,5.52E-09
